video_id,upload_date,title,duration,type,auto_category,score_strategie,score_trades,score_mindset,score_hors_sujet,kw_strategie,kw_trades,kw_mindset,kw_hors_sujet,note
ICMqaYh6l9g,2025-10-09,How to REALLY Scalp NQ (Most Traders Do It Wrong),0:15:13,video,strategie,1.0,1.0,1.0,1.0,discount:1,\blive\b:1,psycholog:1,discord:1,pas de transcription
uAITVN8kEUk,2025-10-11,Order Blocks - Explained in 10 Minutes,0:10:51,video,strategie,4.0,1.0,1.0,1.0,"order ?block:1, discount:1",\blive\b:1,psycholog:1,discord:1,pas de transcription
JGQ3-DJIWbo,2025-10-15,The Only Day Trading Strategy I Would Use If I Could Start Over...,0:15:17,video,strategie,4.0,1.0,1.0,1.0,"strategy:1, discount:1",\blive\b:1,psycholog:1,discord:1,pas de transcription
EKdBRVsAItU,2025-10-16,How To Trade Prop Firms the RIGHT WAY,0:17:58,video,trades,1.0,7.0,1.0,1.0,discount:1,"trade[sr]?\b:1, prop ?firm:1, \blive\b:1",psycholog:1,discord:1,pas de transcription
CsV2m7miTyk,2025-10-17,How I Increased Win Rate In Trading,0:12:34,video,strategie,28.62,11.19,0.0,1.24,"liquidity:10, sweep:8, strategy:4, model:4, entry:4, imbalance:4","trade[sr]?\b:10, profit:5, i took:5, \blive\b:4, today:2, week:1",,"formation:2, discord:1",
3z6qgc66RA8,2025-10-22,The Only Setup You Need To Pass A Funded Challenge,0:11:13,video,strategie,23.06,18.69,0.0,0.98,"inversion:5, fair value gap:3, order ?block:3, liquidity:3, sweep:3, \bbias\b:3","trade[sr]?\b:14, \blive\b:3, profit:3, today:3, week:2, funded:1",,"giveaway:1, discord:1",
Z-FKuV1LiMI,2025-11-05,This ICT Trading Strategy should be illegal...,0:15:55,video,strategie,4.0,1.0,1.0,1.0,"strategy:1, discount:1",\blive\b:1,psycholog:1,discord:1,pas de transcription
NfMG6bHHmgg,2025-11-19,"$15,000 Tradeify Payout with 72% Win Rate Using 5 Linked Accounts",0:04:56,video,trades,1.0,15.0,6.0,0.0,discount:1,"\$\d:4, payout:3, \bp ?& ?l\b:2, \blive\b:1, prop ?firm:1","process:4, mindset:1, psycholog:1",,pas de transcription
88O_nyGNIEs,2025-12-03,"This Trading Strategy Made Me $55,071 Last Month",0:16:46,video,strategie,5.0,3.0,0.0,0.0,"strategy:2, discount:1",\$\d:1,,,pas de transcription
v1rIJOeAv2c,2025-12-24,"Trading was HARD, until I realized this...",0:10:52,video,strategie,36.23,11.14,1.0,2.45,"structure:23, market structure:17, strategy:5, order ?block:4, breaker:4, session:3","trade[sr]?\b:10, \blive\b:4, i took:3, profit:2, today:2, week:1",psycholog:1,"discord:3, giveaway:1",
Tea-SeT3-OU,2026-05-06,This Stupid Simple Strategy Works Everyday (Stupid Simple And Proven),0:32:46,video,strategie,34.49,15.03,2.82,1.16,"fair value gap:30, entry:28, breaker:17, model:13, order ?block:10, structure:10","trade[sr]?\b:27, profit:10, week:5, prop ?firm:4, \blive\b:3, \$\d:2","psycholog:3, process:2, mental:1, [ée]motion:1",discord:2,
6jM0S5_Um9M,2026-06-09,"This Simple Scalping Strategy Makes Me Over $30,000/Month",0:29:39,video,strategie,32.35,24.0,2.34,1.69,"fair value gap:40, entry:19, inversion:14, stop ?loss:11, model:10, order ?block:10","trade[sr]?\b:37, profit:14, prop ?firm:7, \blive\b:3, \$\d:2, payout:2","confidence:2, psycholog:1, process:1","formation:3, discord:2",
4BLGd9GMo8U,2026-07-29,My UPDATED Day Trading Strategy (2026),0:26:48,video,strategie,31.27,6.58,1.77,0.19,"fair value gap:39, model:17, structure:14, inversion:13, entry:10, sweep:9","trade[sr]?\b:24, profit:6, prop ?firm:3, week:1","psycholog:2, confidence:2, mental:1",formation:1,
3LrXQDS187Y,2026-09-30,"This Trading Strategy Makes $1,000 a Day (Proven Results)",0:40:52,video,strategie,22.13,9.54,1.41,0.68,"liquidity:21, sweep:21, order ?block:14, breaker:12, entry:10, structure:9","trade[sr]?\b:23, \$\d:9, payout:8, profit:4, \blive\b:2, prop ?firm:2","process:3, psycholog:1",formation:5,
nxYi6bd9enA,2026-10-06,"Trading Was Hard, Until I Understood These Two Concepts",0:15:33,video,strategie,20.87,16.49,1.0,0.75,"breaker:9, fair value gap:7, order ?block:6, entry:5, setup:3, model:3","trade[sr]?\b:13, \$\d:9, \blive\b:5, i took:5, \bp ?& ?l\b:3, today:3",psycholog:1,"formation:1, discord:1",
oSqLOXBP7NY,2026-10-08,"If I Had to Make $500 by Tomorrow, I’d Use This Trading Strategy",0:20:53,video,trades,17.79,30.9,1.32,1.28,"breaker:8, strategy:4, discount:4, structure:4, fair value gap:3, order ?block:3","trade[sr]?\b:24, \$\d:11, payout:10, week:7, recap:6, r[ée]cap:6","psycholog:1, confidence:1","discord:3, formation:1",
xBZNoaA-0KY,,Live Trading NQ Futures | Trading 5 $50k S2F Tradeify Accounts,2:33:37,live,trades,0.0,6.0,0.0,0.0,,"\blive\b:1, \$\d:1",,,pas de transcription
wgSqoDtdzx4,,Live Trading NQ Futures | Trading 5 $50k S2F Tradeify Accounts,1:23:03,live,trades,0.0,6.0,0.0,0.0,,"\blive\b:1, \$\d:1",,,pas de transcription
uXnWlAX1U0Y,,Live Trading NQ Futures | Trading 5 $50k S2F Tradeify Accounts,2:21:31,live,trades,0.0,6.0,0.0,0.0,,"\blive\b:1, \$\d:1",,,pas de transcription
A_Qit6mIR8Y,,Live Trading NQ Futures | Trading 5 $150k S2F Tradeify Accounts,2:17:20,live,trades,0.0,6.0,0.0,0.0,,"\blive\b:1, \$\d:1",,,pas de transcription
MnDXdggYwME,,LIVE:  Weekly recap + Backtesting session,2:10:34,live,trades,6.0,12.0,0.0,0.0,"session:1, backtest:1","\blive\b:1, recap:1, r[ée]cap:1, week:1",,,pas de transcription
84W7fzgOQWc,,Live Trading NQ Futures | Trading 5 $150k S2F Tradeify Accounts,2:18:46,live,trades,0.0,6.0,0.0,0.0,,"\blive\b:1, \$\d:1",,,pas de transcription
jocAg0ABiyw,,Live BACKTESTING NQ Futures | Trading 5 $150k S2F Tradeify Accounts,0:50:41,live,trades,3.0,6.0,0.0,0.0,backtest:1,"\blive\b:1, \$\d:1",,,pas de transcription
fDeeXfcynL0,,Live Trading NQ Futures | Trading 5 $150k S2F Tradeify Accounts,1:22:00,live,trades,0.0,6.0,0.0,0.0,,"\blive\b:1, \$\d:1",,,pas de transcription
H2Yk7TiclMc,,Live Trading NQ Futures | Trading 5 $150k S2F Tradeify Accounts,1:56:34,live,trades,0.0,6.0,0.0,0.0,,"\blive\b:1, \$\d:1",,,pas de transcription
Z7qhxwX8ll0,,SUNDAY RECAP,1:14:05,live,trades,0.0,6.0,0.0,0.0,,"recap:1, r[ée]cap:1",,,pas de transcription
crZdW5KG41M,,Live Trading NQ Futures | Trading 5 $150k S2F Tradeify Accounts,2:01:15,live,trades,0.0,6.0,0.0,0.0,,"\blive\b:1, \$\d:1",,,pas de transcription
3y5gq6YSsew,,Live Trading NQ Futures | Trading 5 $150k S2F Tradeify Accounts,1:19:50,live,trades,0.0,6.0,0.0,0.0,,"\blive\b:1, \$\d:1",,,pas de transcription
saQ_ev9r16M,,SUNDAY RECAP,0:57:31,live,trades,0.0,6.0,0.0,0.0,,"recap:1, r[ée]cap:1",,,pas de transcription
OTC2IJ9BR9I,,Live Trading NQ Futures | Trading 5 $150k S2F Tradeify Accounts,2:19:30,live,trades,0.0,6.0,0.0,0.0,,"\blive\b:1, \$\d:1",,,pas de transcription
tzhfaGq3vsQ,,Live Trading NQ Futures | Trading 5 $150k S2F Tradeify Accounts,1:51:15,live,trades,0.0,6.0,0.0,0.0,,"\blive\b:1, \$\d:1",,,pas de transcription
G7CnDTXD4D0,,Live: Weekly Recap,0:59:01,live,trades,0.0,12.0,0.0,0.0,,"\blive\b:1, recap:1, r[ée]cap:1, week:1",,,pas de transcription
mOmOcQBVMI8,,Live Trading NQ Futures | Trading 5 $150k S2F Tradeify Accounts,3:23:13,live,trades,0.0,6.0,0.0,0.0,,"\blive\b:1, \$\d:1",,,pas de transcription
TgYE9LpJDCU,,Live Trading NQ Futures | Trading 5 $150k S2F Tradeify Accounts,2:02:29,live,trades,0.0,6.0,0.0,0.0,,"\blive\b:1, \$\d:1",,,pas de transcription
OMFd6PyUa80,,Live: Weekly Recap,0:52:55,live,trades,0.0,12.0,0.0,0.0,,"\blive\b:1, recap:1, r[ée]cap:1, week:1",,,pas de transcription
SpcU1IMk4Dc,,Live Trading NQ Futures | Trading 5 $150k S2F Tradeify Accounts,1:45:29,live,trades,0.0,6.0,0.0,0.0,,"\blive\b:1, \$\d:1",,,pas de transcription
vSu53WshZtU,,Live Trading NQ Futures | Trading 5 $150k S2F Tradeify Accounts,1:19:13,live,trades,0.0,6.0,0.0,0.0,,"\blive\b:1, \$\d:1",,,pas de transcription
litiaIVVQhM,,LIVE: Weekly Recap + P&L,1:16:56,live,trades,0.0,15.0,0.0,0.0,,"\blive\b:1, recap:1, r[ée]cap:1, \bp ?& ?l\b:1, week:1",,,pas de transcription
qXKDWO1RYB4,,Live Trading NQ Futures | Trading 5 $150k S2F Tradeify Accounts,1:58:00,live,trades,0.0,6.0,0.0,0.0,,"\blive\b:1, \$\d:1",,,pas de transcription
VB1YZWMal90,,Live Trading NQ Futures | Trading 5 $150k S2F Tradeify Accounts,1:37:55,live,trades,0.0,6.0,0.0,0.0,,"\blive\b:1, \$\d:1",,,pas de transcription
GQ-UbYnz8GM,,Live: Weekly Recap + P&L,1:09:21,live,trades,0.0,15.0,0.0,0.0,,"\blive\b:1, recap:1, r[ée]cap:1, \bp ?& ?l\b:1, week:1",,,pas de transcription
rQG-HKmq6Mw,,Live Trading NQ Futures | Trading 5 $150k S2F Tradeify Accounts,1:54:58,live,trades,0.0,6.0,0.0,0.0,,"\blive\b:1, \$\d:1",,,pas de transcription
XcLghC2krjQ,,Live Trading NQ Futures | Trading 5 $150k S2F Tradeify Accounts,1:25:45,live,trades,0.0,6.0,0.0,0.0,,"\blive\b:1, \$\d:1",,,pas de transcription
LNaux-zg9f4,,Live Trading NQ Futures | Trading 5 $150k S2F Tradeify Accounts,1:48:00,live,trades,0.0,6.0,0.0,0.0,,"\blive\b:1, \$\d:1",,,pas de transcription
-dZugKM7PVo,,Live Trading NQ Futures | Trading 5 $150k S2F Tradeify Accounts,1:19:31,live,trades,0.0,6.0,0.0,0.0,,"\blive\b:1, \$\d:1",,,pas de transcription
6eY9nLbjV-4,,Live Trading NQ Futures | Trading 5 $150k S2F Tradeify Accounts,1:37:41,live,trades,0.0,6.0,0.0,0.0,,"\blive\b:1, \$\d:1",,,pas de transcription
SO0g1TJyrVk,,Live Trading NQ Futures | Trading 5 $150k S2F Tradeify Accounts,1:11:10,live,trades,0.0,6.0,0.0,0.0,,"\blive\b:1, \$\d:1",,,pas de transcription
leiV9o76EBc,,Live Trading NQ Futures | Trading 5 $150k S2F Tradeify Accounts,1:06:02,live,trades,0.0,6.0,0.0,0.0,,"\blive\b:1, \$\d:1",,,pas de transcription
8OPPXaa7G7k,,Live Trading NQ Futures | Trading 5 $150k S2F Tradeify Accounts,1:40:56,live,trades,0.0,6.0,0.0,0.0,,"\blive\b:1, \$\d:1",,,pas de transcription
BIwdaXiS-5Y,,Live Trading NQ Futures | Trading 5 $150k S2F Tradeify Accounts,1:33:52,live,trades,0.0,6.0,0.0,0.0,,"\blive\b:1, \$\d:1",,,pas de transcription
NjJZs2K8kQw,,Live Trading NQ Futures | Trading 5 $150k S2F Tradeify Accounts,1:11:07,live,trades,0.0,6.0,0.0,0.0,,"\blive\b:1, \$\d:1",,,pas de transcription
PrgjtGvJH6k,,Live Trading NQ Futures | Trading 5 $150k S2F Tradeify Accounts,1:41:16,live,trades,0.0,6.0,0.0,0.0,,"\blive\b:1, \$\d:1",,,pas de transcription
BFg1zqZc354,,Live Trading NQ Futures | Trading 5 $150k S2F Tradeify Accounts,1:10:40,live,trades,0.0,6.0,0.0,0.0,,"\blive\b:1, \$\d:1",,,pas de transcription
h_lDVKylZvA,,Live Trading NQ Futures | Trading 5 $150k S2F Tradeify Accounts,1:33:54,live,trades,0.0,6.0,0.0,0.0,,"\blive\b:1, \$\d:1",,,pas de transcription
pGs0nl40SmE,,Live Trading NQ Futures | Trading 5 $150k S2F Tradeify Accounts,1:14:14,live,trades,0.0,6.0,0.0,0.0,,"\blive\b:1, \$\d:1",,,pas de transcription
tgDkYrnFRO4,,Live Trading NQ Futures | Trading 5 $150k S2F Tradeify Accounts,1:19:16,live,trades,0.0,6.0,0.0,0.0,,"\blive\b:1, \$\d:1",,,pas de transcription
gHlX7K9F4zQ,,Live Trading NQ Futures | Trading 5 $150k S2F Tradeify Accounts,1:44:00,live,trades,0.0,6.0,0.0,0.0,,"\blive\b:1, \$\d:1",,,pas de transcription
LBNM0FcnzB4,,Live Trading NQ Futures | Trading 5 $150k S2F Tradeify Accounts,1:14:50,live,trades,0.0,6.0,0.0,0.0,,"\blive\b:1, \$\d:1",,,pas de transcription
PhXGF6z4LtA,,Live Trading NQ Futures | Trading 5 $150k S2F Tradeify Accounts,1:28:25,live,trades,0.0,6.0,0.0,0.0,,"\blive\b:1, \$\d:1",,,pas de transcription
MWKAMUYnDTo,,Live Trading NQ Futures | Trading 5 $150k S2F Tradeify Accounts,1:02:45,live,trades,0.0,6.0,0.0,0.0,,"\blive\b:1, \$\d:1",,,pas de transcription
bWAZ1t7hHSg,,Live Trading NQ Futures | Trading 5 $150k S2F Tradeify Accounts,1:19:49,live,trades,0.0,6.0,0.0,0.0,,"\blive\b:1, \$\d:1",,,pas de transcription
f6M3hzlSsVc,,Live Trading NQ Futures | Trading 5 $150k S2F Tradeify Accounts,0:58:05,live,trades,0.0,6.0,0.0,0.0,,"\blive\b:1, \$\d:1",,,pas de transcription
wUwuPXLJ9jE,,Live Trading NQ Futures | Trading 5 $150k S2F Tradeify Accounts,0:46:21,live,trades,0.0,6.0,0.0,0.0,,"\blive\b:1, \$\d:1",,,pas de transcription
l9pjzEa_N_g,,Live Trading NQ Futures | Trading 5 $150k S2F Tradeify Accounts,1:41:19,live,trades,0.0,6.0,0.0,0.0,,"\blive\b:1, \$\d:1",,,pas de transcription
42eIOGGzh94,,Live Trading NQ Futures | Trading 5 $150k S2F Tradeify Accounts,1:21:55,live,trades,0.0,6.0,0.0,0.0,,"\blive\b:1, \$\d:1",,,pas de transcription
NKk5LBhNdcg,,Live Trading NQ Futures,1:39:46,live,trades,0.0,3.0,0.0,0.0,,\blive\b:1,,,pas de transcription
-cPK7fAdElA,,Live Trading NQ Futures,0:54:36,live,trades,0.0,3.0,0.0,0.0,,\blive\b:1,,,pas de transcription
s5u6YZldiWw,,Being a d*ck for a tick  #trading # #forex #crypto,,short,indetermine,0.0,0.0,0.0,0.0,,,,,short/très court
ZkSYReWyyF4,,ICT unicorn model,,short,strategie,3.0,0.0,0.0,0.0,model:1,,,,short/très court
jEKvt13OOD8,,+$800 win on NQ longs,,short,trades,0.0,6.0,0.0,0.0,,"\+\$?\d:1, \$\d:1",,,short/très court
Or-ffn7gKsA,,+$650 win on NQ shorts,,short,trades,0.0,6.0,0.0,0.0,,"\+\$?\d:1, \$\d:1",,,short/très court
JNlexH40CuA,,+$400 win on NQ longs,,short,trades,0.0,6.0,0.0,0.0,,"\+\$?\d:1, \$\d:1",,,short/très court
bUsQLWuPEC8,,+$300 win on NQ longs,,short,trades,0.0,6.0,0.0,0.0,,"\+\$?\d:1, \$\d:1",,,short/très court
XV1gTSoKnak,,+$420 trading NQ,,short,trades,0.0,6.0,0.0,0.0,,"\+\$?\d:1, \$\d:1",,,short/très court
hmzEvjf7kdY,,+$800 trading NQ,,short,trades,0.0,6.0,0.0,0.0,,"\+\$?\d:1, \$\d:1",,,short/très court
8v7-r8JxUFk,,+$1200 trading NQ,,short,trades,0.0,6.0,0.0,0.0,,"\+\$?\d:1, \$\d:1",,,short/très court
DT3_SV_yZmc,,+$400 in 1 min trading NQ,,short,trades,0.0,6.0,0.0,0.0,,"\+\$?\d:1, \$\d:1",,,short/très court
k0L8PCya1pY,,+$900 in 1 minute trading NQ,,short,trades,0.0,6.0,0.0,0.0,,"\+\$?\d:1, \$\d:1",,,short/très court
Z2YvayIOtng,,+$550 in 1 minute trading NQ,,short,trades,0.0,6.0,0.0,0.0,,"\+\$?\d:1, \$\d:1",,,short/très court
QBQz4_nll1s,,+$350 in 1 minute on NQ,,short,trades,0.0,6.0,0.0,0.0,,"\+\$?\d:1, \$\d:1",,,short/très court
fyOndWu6ybA,,+$650 in 1 minute on NQ,,short,trades,0.0,6.0,0.0,0.0,,"\+\$?\d:1, \$\d:1",,,short/très court
ijLNVRNN8-s,,+$250 in 1 minute trading NQ,,short,trades,0.0,6.0,0.0,0.0,,"\+\$?\d:1, \$\d:1",,,short/très court
V6TW5StqOMY,,+$550 in 1 minute trading NQ,,short,trades,0.0,6.0,0.0,0.0,,"\+\$?\d:1, \$\d:1",,,short/très court
51YOjmAYlFI,,+350 in 1 minute on NQ,,short,trades,0.0,3.0,0.0,0.0,,\+\$?\d:1,,,short/très court
shWe07Ycu9w,,+$400 in 1 minute trading NQ,,short,trades,0.0,6.0,0.0,0.0,,"\+\$?\d:1, \$\d:1",,,short/très court
rnt8g-q7f6w,,+$490 in 1 minute trading NQ #trading #scalpingtradingstrategy #tradingstrategy #forex #futures,,short,strategie,6.0,6.0,0.0,0.0,strategy:2,"\+\$?\d:1, \$\d:1",,,short/très court
007AwTGaclA,,+$850 in 1 minute trading NQ  #futurestrading #trading #scalpingtradingstrategy #forex #daytrading,,short,trades,3.0,6.0,0.0,0.0,strategy:1,"\+\$?\d:1, \$\d:1",,,short/très court
vUXZRJU0LcA,,+$400 in 1 minute trading NQ  #trading #scalpingtradingstrategy #tradingstrategy #forex #options,,short,strategie,6.0,6.0,0.0,0.0,strategy:2,"\+\$?\d:1, \$\d:1",,,short/très court
_Tt8PSQKx5k,,+$600 in 1 minute trading NQ  #futurestrading #trading #scalpingtradingstrategy #forex #forex,,short,trades,3.0,6.0,0.0,0.0,strategy:1,"\+\$?\d:1, \$\d:1",,,short/très court
T3pPio9opcw,,+$340 in 1 minute on NQ,,short,trades,0.0,6.0,0.0,0.0,,"\+\$?\d:1, \$\d:1",,,short/très court
8Zd69tl17Ts,,+$360 in 1 minute trading NQ,,short,trades,0.0,6.0,0.0,0.0,,"\+\$?\d:1, \$\d:1",,,short/très court
-hHbrDfBdMk,,+$410 in 1 minute trading NQ,,short,trades,0.0,6.0,0.0,0.0,,"\+\$?\d:1, \$\d:1",,,short/très court
G88dGJv9HIw,,+$900 trading #trading,,short,trades,0.0,6.0,0.0,0.0,,"\+\$?\d:1, \$\d:1",,,short/très court
gSGPiAcYfKY,,+$900 trading #Nasdaq #daytrading,,short,trades,0.0,6.0,0.0,0.0,,"\+\$?\d:1, \$\d:1",,,short/très court
BI9OzdOkBN4,,+$800 trading #Nasdaq #daytrading #futurestrading,,short,trades,0.0,6.0,0.0,0.0,,"\+\$?\d:1, \$\d:1",,,short/très court
QKvpg_SieOM,,+$1600 in 2 minutes #trading #futurestrading #1miniqoptionstratgy #propfirmtrading #stockmarket,,short,trades,0.0,9.0,0.0,0.0,,"prop ?firm:1, \+\$?\d:1, \$\d:1",,,short/très court
zJcZiij8FYw,,+ $900 on NQ #futurestrading #trading #scalpingtradingstrategybanknifty #investing #propfirmtrading,,short,trades,3.0,6.0,0.0,0.0,strategy:1,"prop ?firm:1, \$\d:1",,,short/très court
fulFEtfWI7c,,+$200 on NQ #futurestrading #trading #1miniqoptionstratgy #investing #propfirmtrading #stockmarket,,short,trades,0.0,9.0,0.0,0.0,,"prop ?firm:1, \+\$?\d:1, \$\d:1",,,short/très court
CutAWa3cIOg,,+$1500 USD Trading Prop Firms #tradeify #futurestrading #propfirmtrading #trading,,short,trades,0.0,12.0,0.0,0.0,,"prop ?firm:2, \+\$?\d:1, \$\d:1",,,short/très court
DcXAwNZ1p7I,,BE trade on NQ 😭 #trading #futurestrading #propfirmtrading #scalping,,short,trades,0.0,6.0,0.0,0.0,,"trade[sr]?\b:1, prop ?firm:1",,,short/très court
hlsmF-riWq4,,+ $1000 USD trading prop firms 🎯 #futurestrading #trading #propfirmtrading #forex,,short,trades,0.0,9.0,0.0,0.0,,"prop ?firm:2, \$\d:1",,,short/très court
dxOeBjtpwVg,,+ $300 USD trading NQ #trading #propfirmtrading #propfirmtrading #tradeify,,short,trades,0.0,9.0,0.0,0.0,,"prop ?firm:2, \$\d:1",,,short/très court
w1YrI6DImHg,,OHLC - What is a candle #trading #futurestrading #forex #technicalanalysis,,short,indetermine,0.0,0.0,0.0,0.0,,,,,short/très court
XG5eMN9zfk0,,+ $600 day trading NQ #tradingstrategy #trading #futurestrading #forex #propfirmtrading #crypto,,short,trades,3.0,6.0,0.0,0.0,strategy:1,"prop ?firm:1, \$\d:1",,,short/très court
F_e9QgtlMBY,,OHLC - Power of 3 concept #trading #propfirmtrading #futurestrading #forex #crypto,,short,trades,0.0,3.0,0.0,0.0,,prop ?firm:1,,,short/très court
3C0cYdEDT-8,,+ $700 USD trading NQ 💯 #trading #futurestrading #propfirmtrading #forex #crypto #stockmarket,,short,trades,0.0,6.0,0.0,0.0,,"prop ?firm:1, \$\d:1",,,short/très court
yC1v6B2vuYI,,OHLC - Power of 3 concept #trading #propfirmtrading #futurestrading #scalpingtradingstrategy,,short,strategie,3.0,3.0,0.0,0.0,strategy:1,prop ?firm:1,,,short/très court
ZxXlscOrrGY,,My 80% win rate trading strategy EXPLAINED 😱 #trading #propfirmtrading #futurestrading #propfirm,,short,trades,3.0,6.0,0.0,0.0,strategy:1,prop ?firm:2,,,short/très court
qxgalgyW5TU,,OHLC - PO3 concepts #trading #propfirmtrading #futurestrading #technicalanalysis,,short,strategie,3.0,3.0,0.0,0.0,\bpo3\b:1,prop ?firm:1,,,short/très court
swFl0uUy6Jw,,87% Win Rate Strategy💯#trading #propfirmtrading #futurestrading #tradingstrategy #technicalanalysis,,short,strategie,6.0,3.0,0.0,0.0,strategy:2,prop ?firm:1,,,short/très court
riPw8yFgH2Y,,OHLC - PO3 #trading #propfirmtrading #futurestrading  #technicalanalysis,,short,strategie,3.0,3.0,0.0,0.0,\bpo3\b:1,prop ?firm:1,,,short/très court
TAPvStU05n8,,Best Trading Strategy 📌 #trading #futurestrading #propfirmtrading #crypto #1miniqoptionstratgy #nq,,short,strategie,3.0,3.0,0.0,0.0,strategy:1,prop ?firm:1,,,short/très court
Gz2CSQOpDyQ,,The pull back model 🎯 #trading #propfirmtrading #futurestrading #crypto technicalanalysis,,short,strategie,3.0,3.0,0.0,0.0,model:1,prop ?firm:1,,,short/très court
SM7EAF5vEnM,,What is a fair value gap ✅ #trading #propfirmtrading #futurestrading #crypto #technicalanalysis,,short,strategie,3.0,3.0,0.0,0.0,fair value gap:1,prop ?firm:1,,,short/très court
CgpBaCJKuy0,,Breaker block EXPLAINED🦄#technicalanalysis #ictconcepts #propfirm #options #stocks #forex,,short,strategie,3.0,3.0,0.0,0.0,breaker:1,prop ?firm:1,,,short/très court
rISGHc6clQU,,#trading #propfirmtrading #futurestrading #crypto #technicalanalysis #daytradingforbeginners,,short,trades,0.0,3.0,0.0,0.0,,prop ?firm:1,,,short/très court
Fqbpg9ol-LM,,IFVG startegy✍🏻 #propfirmtrading #trading #futurestrading #tradeify,,short,strategie,6.0,3.0,0.0,0.0,"fvg:1, ifvg:1",prop ?firm:1,,,short/très court
13AkfLBNGwY,,ERL ➡️ IRL #trading #futures #futurestrading #technicalanalysis #nasdaq,,short,indetermine,0.0,0.0,0.0,0.0,,,,,short/très court
e542lbCm-kA,,#trading #propfirmtrading #futurestrading #technicalanalysis #stockmarket,,short,trades,0.0,3.0,0.0,0.0,,prop ?firm:1,,,short/très court
tPO0B06LCUo,,#technicalanalysis #daytrading #daytradingforbeginners #trading #propfirmtrading #futures,,short,trades,0.0,3.0,0.0,0.0,,prop ?firm:1,,,short/très court
VR1gRh7KduA,,#trading #technicalanalysis #propfirmtrading #futurestrading #futurestrading,,short,trades,0.0,3.0,0.0,0.0,,prop ?firm:1,,,short/très court
cmgcSwfoRac,,#trading #technicalanalysis #tradingstrategy #futurestrading #propfirm,,short,strategie,3.0,3.0,0.0,0.0,strategy:1,prop ?firm:1,,,short/très court
wzMg4OYUxcc,,#trading #propfirmtrading #futurestrading #tradeify #tradeifytv #ICT,,short,trades,0.0,3.0,0.0,0.0,,prop ?firm:1,,,short/très court
sZVh90tLBIk,,#trading #propfirmtrading #futurestrading #stockmarket #forex,,short,trades,0.0,3.0,0.0,0.0,,prop ?firm:1,,,short/très court
zK1POI7arC0,,#trading #propfirmtrading #futurestrading #forex #stocks,,short,trades,0.0,3.0,0.0,0.0,,prop ?firm:1,,,short/très court
QG5-26Bnwow,,#trading #propfirmtrading #futurestrading #stockmarket #forex #livetrading,,short,trades,0.0,3.0,0.0,0.0,,prop ?firm:1,,,short/très court
I-eRn_wQcvw,,#trading #propfirmtrading #futurestrading #stockmarket #1miniqoptionstratgy,,short,trades,0.0,3.0,0.0,0.0,,prop ?firm:1,,,short/très court
jcztbAIzvnU,,#trading #propfirmtrading #technicalanalysis #stocks #futurestrading #daytrading #scalpingstrategy,,short,strategie,3.0,3.0,0.0,0.0,strategy:1,prop ?firm:1,,,short/très court
8qx2AuwH-HU,,Live trade 💯 #trading #propfirmtrading #futurestrading #technicalanalysis #tradeify #daytrading,,short,trades,0.0,9.0,0.0,0.0,,"\blive\b:1, trade[sr]?\b:1, prop ?firm:1",,,short/très court
sm2N0D65D04,,LIVE wins on Tradeify TV 📺 #trading #propfirmtrading #futurestrading #tradeify #technicalanalysis,,short,trades,0.0,6.0,0.0,0.0,,"\blive\b:1, prop ?firm:1",,,short/très court
U81wDpeFqUk,,+$1500 on NQ ✍🏻 #trading #futurestrading #technicalanalysis #daytrading #propfirmtrading,,short,trades,0.0,9.0,0.0,0.0,,"prop ?firm:1, \+\$?\d:1, \$\d:1",,,short/très court
QH5m0w43ies,,Backtesting session 💯#trading #propfirmtrading #futurestrading #technicalanalysis #tradingstrategy,,short,strategie,9.0,3.0,0.0,0.0,"strategy:1, session:1, backtest:1",prop ?firm:1,,,short/très court
WUqzMvdyqh4,,LIVE Trading on YT ✅ #trading #propfirmtrading #daytrading  #technicalanalysis #tradeify #ict,,short,trades,0.0,6.0,0.0,0.0,,"\blive\b:1, prop ?firm:1",,,short/très court
30Ss8L1j2NI,,Scalping strategy 🎯#trading #propfirmtrading #futurestrading #technicalanalysis #tradingstrategy,,short,strategie,6.0,3.0,0.0,0.0,strategy:2,prop ?firm:1,,,short/très court
fNsLB7HqeMg,,Scalping strategy explained ✅ #trading #scalpingstrategy #technicalanalysis #futurestrading,,short,strategie,6.0,0.0,0.0,0.0,strategy:2,,,,short/très court
gMpydYzUUZQ,,- $3000 across 5x Tradeify accounts #trading #propfirmtrading #futurestrading #futures #scalping,,short,trades,0.0,6.0,0.0,0.0,,"prop ?firm:1, \$\d:1",,,short/très court
FvVeYTC3q_0,,V signature IFVG 🎯#trading #propfirmtrading #futurestrading #scalpingstrategy #technicalanalysis,,short,strategie,9.0,3.0,0.0,0.0,"strategy:1, fvg:1, ifvg:1",prop ?firm:1,,,short/très court
HzpkIDic4gY,,A+ IFVG strategy ✅ #trading #strategy #technicalanalysis #futurestrading #propfirmtrading #stocks,,short,strategie,12.0,3.0,0.0,0.0,"strategy:2, fvg:1, ifvg:1",prop ?firm:1,,,short/très court
6443po6syIs,,Scalping model 📌#trading #scalpingstrategy #technicalanalysis #daytrading #forex,,short,strategie,6.0,0.0,0.0,0.0,"strategy:1, model:1",,,,short/très court
LAwrmwkgAk4,,Scalping NQ 🫆 #trading #technicalanalysis  #scalpingstrategy #daytrading #futures,,short,strategie,3.0,0.0,0.0,0.0,strategy:1,,,,short/très court
G9gy8T72OBc,,Scalping NQ 🧵 #trading #technicalanalysis #scalpingstrategy #futures #options,,short,strategie,3.0,0.0,0.0,0.0,strategy:1,,,,short/très court
WIGo3AWrtX4,,Best entry confirmation ✍🏻 #trading #scalpingstrategy #technicalanalysis #futures #forextrading,,short,strategie,6.0,0.0,0.0,0.0,"strategy:1, entry:1",,,,short/très court
NaT3bQvrucw,,Trading Strategy 🔥,,short,strategie,3.0,0.0,0.0,0.0,strategy:1,,,,short/très court
ZbMHl_gTYf0,,Simple scalping tips ✍🏻,,short,indetermine,0.0,0.0,0.0,0.0,,,,,short/très court
P__vwO0oq9Y,,Inversion fair value gap 😍,,short,strategie,6.0,0.0,0.0,0.0,"fair value gap:1, inversion:1",,,,short/très court
pVRcNSMwBT4,,Trade recap 🍀,,short,trades,0.0,9.0,0.0,0.0,,"trade[sr]?\b:1, recap:1, r[ée]cap:1",,,short/très court
QAyyouAn26I,,80% Win Rate Strategy 🥶,,short,strategie,3.0,0.0,0.0,0.0,strategy:1,,,,short/très court
6xPEtuegGXM,,Easy Money Scalping 💰,,short,indetermine,0.0,0.0,0.0,0.0,,,,,short/très court
zJwON9b51iM,,TP hit in 3 minutes 🤫,,short,indetermine,0.0,0.0,0.0,0.0,,,,,short/très court
LmkVxWqh9qk,,Easy money scalping 🥱,,short,indetermine,0.0,0.0,0.0,0.0,,,,,short/très court
KWUzUyHCblM,,"+$5,800 trading NQ 👻",,short,trades,0.0,6.0,0.0,0.0,,"\+\$?\d:1, \$\d:1",,,short/très court
fmclveK0Xqw,,A+ Trading Setup 🧠,,short,strategie,3.0,0.0,0.0,0.0,setup:1,,,,short/très court
jdoT41yT78I,,P&L for the month💰,,short,trades,0.0,3.0,0.0,0.0,,\bp ?& ?l\b:1,,,short/très court
hqHBD8qMtuA,,"Scalping made me $23,000 💯",,short,trades,0.0,3.0,0.0,0.0,,\$\d:1,,,short/très court
nN1LUdB-5R8,,+$680 Day Trading Futures 😱,,short,trades,0.0,6.0,0.0,0.0,,"\+\$?\d:1, \$\d:1",,,short/très court
tjJ_zMPwWZg,,"+$3,000 on $NQ 🤩",,short,trades,0.0,6.0,0.0,0.0,,"\+\$?\d:1, \$\d:1",,,short/très court
rfHg6Ozg7Ks,,"Bagged $3,000 scalping NQ 🥱",,short,trades,0.0,3.0,0.0,0.0,,\$\d:1,,,short/très court
PtYv29Dvk8U,,Quick Scalps are the Best ✅,,short,indetermine,0.0,0.0,0.0,0.0,,,,,short/très court
5i2yUXz8lX8,,"+$3,700 Trading my strategy 🧲",,short,trades,3.0,6.0,0.0,0.0,strategy:1,"\+\$?\d:1, \$\d:1",,,short/très court
8AbruPsROYM,,"+$3,900 USD Day Trading 🎯",,short,trades,0.0,6.0,0.0,0.0,,"\+\$?\d:1, \$\d:1",,,short/très court
59SHSxs6yYM,,"LOST $3,000 in 1 second😭",,short,trades,0.0,3.0,0.0,0.0,,\$\d:1,,,short/très court
v8p-CyAnpIQ,,Scalping 15 handles Everyday🧲,,short,indetermine,0.0,0.0,0.0,0.0,,,,,short/très court
dLYmlapjMKc,,Scalping Strategy goes CRAZY🔥,,short,strategie,3.0,0.0,0.0,0.0,strategy:1,,,,short/très court
FIXh3f28dL0,,Scalping IFVG’s with a 1:1 RR 🧠,,short,strategie,9.0,0.0,0.0,0.0,"fvg:1, ifvg:1, \brr\b:1",,,,short/très court
VMcjx_Etxko,,1 Minute Scalping Strategy 🎯,,short,strategie,3.0,0.0,0.0,0.0,strategy:1,,,,short/très court
p36G5qTUYD4,,Top 5 scalping setups of the week🧵,,short,strategie,3.0,3.0,0.0,0.0,setup:1,week:1,,,short/très court
dsaidSKfjOw,,Simple Trading Strategy 💯,,short,strategie,3.0,0.0,0.0,0.0,strategy:1,,,,short/très court
g1Oh2sgg__M,,"Right plan, right results ✍🏻",,short,indetermine,0.0,0.0,0.0,0.0,,,,,short/très court
zY1WO56Qo4s,,Trading is simple 👀,,short,indetermine,0.0,0.0,0.0,0.0,,,,,short/très court
pzKVhCCfmaM,,Sniper entries 🧲,,short,indetermine,0.0,0.0,0.0,0.0,,,,,short/très court
F973E8PRcN0,,A+ ICT model 🧲,,short,strategie,3.0,0.0,0.0,0.0,model:1,,,,short/très court
b-tQjv3TvB4,,VIP Discord went CRAZY 😱,,short,hors_sujet,0.0,0.0,0.0,3.0,,,,discord:1,short/très court
WTzkkcmgDQI,,The Secret ICT Trading Strategy,,short,strategie,3.0,0.0,0.0,0.0,strategy:1,,,,short/très court
dq4Fh-rEpmw,,Best ICT scalper BANKS 🔥,,short,indetermine,0.0,0.0,0.0,0.0,,,,,short/très court
PlmrEgi0nPM,,High Win Rate Scalping ICT 🕶️,,short,indetermine,0.0,0.0,0.0,0.0,,,,,short/très court
ScdS0Hp09WM,,VIP Discord on fire 🔥,,short,hors_sujet,0.0,0.0,0.0,3.0,,,,discord:1,short/très court
v9JR9k7JW0o,,ICT’s BEST strategy 🎩,,short,strategie,3.0,0.0,0.0,0.0,strategy:1,,,,short/très court
vngf6xZKclU,,W’s in the CHAT 🔥🤩,,short,indetermine,0.0,0.0,0.0,0.0,,,,,short/très court
J8AltyNYKNI,,Trading is about TIME ⌚️,,short,indetermine,0.0,0.0,0.0,0.0,,,,,short/très court
XGXyJfX3MAI,,Win STREAK on NQ🔥,,short,indetermine,0.0,0.0,0.0,0.0,,,,,short/très court
klM_CIIsP4U,,ICT Trading strategy 🔥,,short,strategie,3.0,0.0,0.0,0.0,strategy:1,,,,short/très court
Hfql4JNip-o,,Fair Value gap model 💯✍🏻,,short,strategie,6.0,0.0,0.0,0.0,"model:1, fair value gap:1",,,,short/très court
HUBBJNY5lzs,,Best trade setups of the week 🤑,,short,trades,3.0,6.0,0.0,0.0,setup:1,"trade[sr]?\b:1, week:1",,,short/très court
s2GFiIuC7ls,,Trading is simple 🤫,,short,indetermine,0.0,0.0,0.0,0.0,,,,,short/très court
R9HJqx-11NM,,Make trading simple 🧠,,short,indetermine,0.0,0.0,0.0,0.0,,,,,short/très court
Ji6N9JdnTEI,,Unfilled FVG Strategy 🥶,,short,strategie,6.0,0.0,0.0,0.0,"strategy:1, fvg:1",,,,short/très court
iOkyxSvNZGo,,"Scalping NQ only, stop trading FOREX 🤩",,short,indetermine,0.0,0.0,0.0,0.0,,,,,short/très court
mcoYEk3I0Wo,,Scalping 15 handles everyday 💎,,short,indetermine,0.0,0.0,0.0,0.0,,,,,short/très court
Sl4m-5XniRk,,Money printing strategy 🤑,,short,strategie,3.0,0.0,0.0,0.0,strategy:1,,,,short/très court
qyog8ZXwRew,,A+ trading setup 👾,,short,strategie,3.0,0.0,0.0,0.0,setup:1,,,,short/très court
Sk4HO9ZvA5U,,Daily Trade Recap 😈,,short,trades,0.0,9.0,0.0,0.0,,"trade[sr]?\b:1, recap:1, r[ée]cap:1",,,short/très court
X2wniu93EjA,,"Trader Makes $6,125 in 5 minutes🤑 #trading #scalping #futurestrading #viral #options #stocks",,short,trades,0.0,6.0,0.0,0.0,,"trade[sr]?\b:1, \$\d:1",,,short/très court
nLz9KqtACm0,,"Trader Makes $4,500 in 2 minutes🤩 #trading #scalping #propfirmtrading #livetrading #viral",,short,trades,0.0,9.0,0.0,0.0,,"trade[sr]?\b:1, prop ?firm:1, \$\d:1",,,short/très court
TsgBzHigMns,,"Trader Makes $5,500 in 2 minutes 🤑 #trading #futurestrading #daytrading #trader #options",,short,trades,0.0,9.0,0.0,0.0,,"trade[sr]?\b:2, \$\d:1",,,short/très court
rKBNn7B-a3A,,"+$3,250 copy trading 5 accounts 🔥 #trading #futurestrading #scalping #options #daytrading #trader",,short,trades,0.0,9.0,0.0,0.0,,"trade[sr]?\b:1, \+\$?\d:1, \$\d:1",,,short/très court
qF20a4_Iexg,,Best setups of the week 😈,,short,strategie,3.0,3.0,0.0,0.0,setup:1,week:1,,,short/très court
d3J8zHn3L_E,,"Trader makes $4,935 in 4 minutes 🤑  #trading #futurestrading #daytrading #trader #options",,short,trades,0.0,9.0,0.0,0.0,,"trade[sr]?\b:2, \$\d:1",,,short/très court
BrYAAYNasP0,,#1 scalping strategy  🤑 #trading #futurestrading #daytrading #trader #options #stocks,,short,strategie,3.0,3.0,0.0,0.0,strategy:1,trade[sr]?\b:1,,,short/très court
VCiwwb_MWWE,,The problem in the trading space 🛸 #trading #futurestrading #daytrading #trader #options,,short,trades,0.0,3.0,0.0,0.0,,trade[sr]?\b:1,,,short/très court
ny5IzCR4Pas,,Best trades of the day 🥶 #trading #futures #options #stocks #forex #daytrader,,short,trades,0.0,6.0,0.0,0.0,,trade[sr]?\b:2,,,short/très court
r58Zwp78sWA,,Breaker block trade 🦋#trading #stockmarket #daytrader #options,,short,trades,3.0,6.0,0.0,0.0,breaker:1,trade[sr]?\b:2,,,short/très court
n8OERmym4hM,,One strategy for life 👩‍🎤 #trading #futures #daytrader #crypto #forex #options,,short,strategie,3.0,3.0,0.0,0.0,strategy:1,trade[sr]?\b:1,,,short/très court
rVU4aVcbI6I,,"Trader makes $3,500 in 2 minutes 😎 #trading #daytrader #futures #optionstrading #stocks #viral",,short,trades,0.0,9.0,0.0,0.0,,"trade[sr]?\b:2, \$\d:1",,,short/très court
zXpzqiNksDE,,15 minute is the best timeframe 😈,,short,strategie,3.0,0.0,0.0,0.0,timeframe:1,,,,short/très court
VJ4T6OfpivY,,One strategy for life🫡,,short,strategie,3.0,0.0,0.0,0.0,strategy:1,,,,short/très court
1rss-Mb9RvI,,Be proud of yourself 🫱🏻‍🫲🏼,,short,indetermine,0.0,0.0,0.0,0.0,,,,,short/très court
nljJam-jq1k,,Scalping is about timing ⚡️,,short,indetermine,0.0,0.0,0.0,0.0,,,,,short/très court
OhAd6BeTK9c,,Patience is key 🔑,,short,mindset,0.0,0.0,3.0,0.0,,,patience:1,,short/très court
zyXZMCLU0JQ,,"Made +$4,840 in 10 minutes 🥶 #trading #daytrading #futures #options #stocks #crypto #livetrading",,short,trades,0.0,6.0,0.0,0.0,,"\+\$?\d:1, \$\d:1",,,short/très court
rbyOfhd38mQ,,Best trades of the day 🦋,,short,trades,0.0,3.0,0.0,0.0,,trade[sr]?\b:1,,,short/très court
s_mvHDZmmSU,,Best trading setup 😇,,short,strategie,3.0,0.0,0.0,0.0,setup:1,,,,short/très court
2BF4U3rer14,,"Made +$6,200 in 5 min #trading #daytrading #futures #options #forex #crypto #viral",,short,trades,0.0,6.0,0.0,0.0,,"\+\$?\d:1, \$\d:1",,,short/très court
_lY1S45h87I,,Trading recap 😮‍💨,,short,trades,0.0,6.0,0.0,0.0,,"recap:1, r[ée]cap:1",,,short/très court
IzRBYyXOWoY,,Aggressive buyers 🐍,,short,indetermine,0.0,0.0,0.0,0.0,,,,,short/très court
lxeHyGz9jHA,,Beautiful setup 🔥,,short,strategie,3.0,0.0,0.0,0.0,setup:1,,,,short/très court
F3LAMIlqz74,,Scalping opportunity 😇,,short,indetermine,0.0,0.0,0.0,0.0,,,,,short/très court
0XpWnG7O2yQ,,"$15,000 payout request ✅",,short,trades,0.0,6.0,0.0,0.0,,"payout:1, \$\d:1",,,short/très court
bXiaPmEHu-Q,,Trading Strategy Explained ✍🏻,,short,strategie,3.0,0.0,0.0,0.0,strategy:1,,,,short/très court
LzfxlJKzAdU,,Easy money trades 🔥,,short,trades,0.0,3.0,0.0,0.0,,trade[sr]?\b:1,,,short/très court
4WNtdniV808,,Trading Entry Models 🔥,,short,strategie,6.0,0.0,0.0,0.0,"model:1, entry:1",,,,short/très court
_xuEPdDnGJI,,"+$2,500 scalping NQ 💰",,short,trades,0.0,6.0,0.0,0.0,,"\+\$?\d:1, \$\d:1",,,short/très court
6pERV5HpU2Y,,"15,000 payout request 💰",,short,trades,0.0,3.0,0.0,0.0,,payout:1,,,short/très court
HorJE4Ie3Fw,,Psychology of prop firms 🧠,,short,trades,0.0,3.0,3.0,0.0,,prop ?firm:1,psycholog:1,,short/très court
bMpHByQ8RAM,,NQ strategy goes crazy 💰💰,,short,strategie,3.0,0.0,0.0,0.0,strategy:1,,,,short/très court
Dna_cz6-iBo,,Reversal strategy ⚡️,,short,strategie,3.0,0.0,0.0,0.0,strategy:1,,,,short/très court
aHBzyv7ASdI,,I was so lost 😭🥀,,short,indetermine,0.0,0.0,0.0,0.0,,,,,short/très court
DU1aLyLCF14,,They don’t know 🥀 #daytrading,,short,indetermine,0.0,0.0,0.0,0.0,,,,,short/très court
YH8-n1MyELU,,This PA is ahhh 😭🥀 #trading,,short,indetermine,0.0,0.0,0.0,0.0,,,,,short/très court
hRMUucnwyVc,,I only know TradingView ✍🏻 #trading,,short,indetermine,0.0,0.0,0.0,0.0,,,,,short/très court
P2kV3s4dk0Q,,Beautiful trade 💯 #daytrading #trading,,short,trades,0.0,3.0,0.0,0.0,,trade[sr]?\b:1,,,short/très court
sEan574XvT4,,It worked… #daytrading,,short,indetermine,0.0,0.0,0.0,0.0,,,,,short/très court
5D7FGd7EXak,,"+$5,800 in 5 minutes ✅ #trading #daytrading",,short,trades,0.0,6.0,0.0,0.0,,"\+\$?\d:1, \$\d:1",,,short/très court
_IaaKeZtEQs,,Let’s test your trading skills 📈 #trading #daytrading,,short,indetermine,0.0,0.0,0.0,0.0,,,,,short/très court
tAVWeYUL0dU,,Silver bullet strategy ♟️#trading #daytrading #tradingstrategy,,short,strategie,9.0,0.0,0.0,0.0,"strategy:2, silver bullet:1",,,,short/très court
o7QF7NVgT0g,,ES Trade 🍀 #daytrading #trading,,short,trades,0.0,3.0,0.0,0.0,,trade[sr]?\b:1,,,short/très court
FhHdkoUjpUQ,,Best ICT Strategy 🍀,,short,strategie,3.0,0.0,0.0,0.0,strategy:1,,,,short/très court
Vj73YxRYef8,,"+$5,000 trading ES #trading #daytrading",,short,trades,0.0,6.0,0.0,0.0,,"\+\$?\d:1, \$\d:1",,,short/très court
9Urerk2qEfc,,Best entry model 🔧#trading #daytrading,,short,strategie,6.0,0.0,0.0,0.0,"model:1, entry:1",,,,short/très court
T28BfGp0Gm0,,15 pips per day ❄️ #trading #daytrading,,short,indetermine,0.0,0.0,0.0,0.0,,,,,short/très court
pHo7OmErLHo,,Why you’re still unprofitable 💔 #trading #daytrading,,short,trades,0.0,3.0,0.0,0.0,,profit:1,,,short/très court
vAoZ8Gw8dkQ,,"+$5,500 in 10 minutes #trading #daytrading",,short,trades,0.0,6.0,0.0,0.0,,"\+\$?\d:1, \$\d:1",,,short/très court
AKVmLl3EaF4,,How to use FIB levels correctly 💎,,short,indetermine,0.0,0.0,0.0,0.0,,,,,short/très court
_GeDa_w1Hvw,,Why I have a 72% Win Rate,,short,indetermine,0.0,0.0,0.0,0.0,,,,,short/très court
bTt3WMDq56E,,Let’s test your trading skills,,short,indetermine,0.0,0.0,0.0,0.0,,,,,short/très court
KqcJ_q-_S6w,,How to find your bias,,short,strategie,3.0,0.0,0.0,0.0,\bbias\b:1,,,,short/très court
Z_gruxe73Ho,,W’s in the chat 🙌🏻,,short,indetermine,0.0,0.0,0.0,0.0,,,,,short/très court
f45NHZL5b68,,W or L trade? #explore #trading #viral,,short,trades,0.0,3.0,0.0,0.0,,trade[sr]?\b:1,,,short/très court
J-XLPoDSe70,,Why your FVG fail 💔,,short,strategie,3.0,0.0,0.0,0.0,fvg:1,,,,short/très court
KgwCbLkYMhY,,High vs low probability trade,,short,trades,0.0,3.0,0.0,0.0,,trade[sr]?\b:1,,,short/très court
i_-8e8pPNps,,Best trading indicators 😱,,short,indetermine,0.0,0.0,0.0,0.0,,,,,short/très court
xmtGiAc1VKM,,Premium vs Discount,,short,strategie,6.0,0.0,0.0,0.0,"premium:1, discount:1",,,,short/très court
BgIhyb3PKAs,,My 78% Win Rate Trading Strategy,,short,strategie,3.0,0.0,0.0,0.0,strategy:1,,,,short/très court
gJXj7_U6sXU,,Long or Short?,,short,indetermine,0.0,0.0,0.0,0.0,,,,,short/très court
qgFuVnQ1d1k,,W or L? #trading #viral,,short,indetermine,0.0,0.0,0.0,0.0,,,,,short/très court
vqPGnTYJWVk,,Fair Value Gap Strategy EXPLAINED…,,short,strategie,6.0,0.0,0.0,0.0,"strategy:1, fair value gap:1",,,,short/très court
riyxtzrmsWo,,W or L trade? #explore #trading #viral,,short,trades,0.0,3.0,0.0,0.0,,trade[sr]?\b:1,,,short/très court
v2gqB2oUwwY,,W or L trade? #explore #trading #viral,,short,trades,0.0,3.0,0.0,0.0,,trade[sr]?\b:1,,,short/très court
S1G0aERjbVc,,W or L trade? #explore #trading #viral,,short,trades,0.0,3.0,0.0,0.0,,trade[sr]?\b:1,,,short/très court
dTHsL8q22-4,,Po3 + iFVG is INSANE…,,short,strategie,9.0,0.0,0.0,0.0,"fvg:1, ifvg:1, \bpo3\b:1",,,,short/très court
ulFne2JHCGw,,Daily Po3 Strategy EXPLAINED…,,short,strategie,6.0,0.0,0.0,0.0,"strategy:1, \bpo3\b:1",,,,short/très court
ycWiKwmViDs,,W or L trade?,,short,trades,0.0,3.0,0.0,0.0,,trade[sr]?\b:1,,,short/très court
oero76Of4yM,,W or L trade?,,short,trades,0.0,3.0,0.0,0.0,,trade[sr]?\b:1,,,short/très court
CLoNorWpRpU,,Trendline liquidity EXPLAINED…,,short,strategie,3.0,0.0,0.0,0.0,liquidity:1,,,,short/très court
-vO9ojX1JoA,,W or L trade?,,short,trades,0.0,3.0,0.0,0.0,,trade[sr]?\b:1,,,short/très court
kBfmPPDA5ik,,W or L trade?,,short,trades,0.0,3.0,0.0,0.0,,trade[sr]?\b:1,,,short/très court
U1Ph9Aqlb5c,,W or L trade?,,short,trades,0.0,3.0,0.0,0.0,,trade[sr]?\b:1,,,short/très court
-uMqiw3pbsM,,W or L trade?,,short,trades,0.0,3.0,0.0,0.0,,trade[sr]?\b:1,,,short/très court
5zkJMfFiCWU,,Standard Deviation EXPLAINED…,,short,indetermine,0.0,0.0,0.0,0.0,,,,,short/très court
D41BTPzeL7Q,,W or L trade?,,short,trades,0.0,3.0,0.0,0.0,,trade[sr]?\b:1,,,short/très court
Hty7-tjlBLY,,W or L trade?,,short,trades,0.0,3.0,0.0,0.0,,trade[sr]?\b:1,,,short/très court
vzDa6G6hgw0,,PD Arrays EXPLAINED…,,short,strategie,3.0,0.0,0.0,0.0,pd array:1,,,,short/très court
LltbuEsJxSg,,W or L trade?,,short,trades,0.0,3.0,0.0,0.0,,trade[sr]?\b:1,,,short/très court
PIACWYpFTZQ,,$10K payout REQUESTED…,,short,trades,0.0,6.0,0.0,0.0,,"payout:1, \$\d:1",,,short/très court
T8Ah0Dd9h04,,W or L trade?,,short,trades,0.0,3.0,0.0,0.0,,trade[sr]?\b:1,,,short/très court
JH8obRvLkhs,,Let’s test your trading SKILLS…,,short,indetermine,0.0,0.0,0.0,0.0,,,,,short/très court
DFkTLwNm98g,,Unfilled FVG + iFVG EXPLAINED…,,short,strategie,9.0,0.0,0.0,0.0,"fvg:2, ifvg:1",,,,short/très court
jt5InwpV42s,,W or L trade?,,short,trades,0.0,3.0,0.0,0.0,,trade[sr]?\b:1,,,short/très court
YxCGsMws3ug,,Stop trading INDICATORS…,,short,indetermine,0.0,0.0,0.0,0.0,,,,,short/très court
00dkv6Ittas,,W or L trade?,,short,trades,0.0,3.0,0.0,0.0,,trade[sr]?\b:1,,,short/très court
83BBbTg867E,,W or L trade?,,short,trades,0.0,3.0,0.0,0.0,,trade[sr]?\b:1,,,short/très court
2nkr8mGkm6c,,W or L trade?,,short,trades,0.0,3.0,0.0,0.0,,trade[sr]?\b:1,,,short/très court
s-Y5txgbcBc,,The best scalping STRATEGY…,,short,strategie,3.0,0.0,0.0,0.0,strategy:1,,,,short/très court
L1k6MCQEXWY,,Let’s test your trading SKILLS…,,short,indetermine,0.0,0.0,0.0,0.0,,,,,short/très court
Gi3gVqUPMSk,,W or L trade?,,short,trades,0.0,3.0,0.0,0.0,,trade[sr]?\b:1,,,short/très court
8PyjB5MyNes,,W or L trade?,,short,trades,0.0,3.0,0.0,0.0,,trade[sr]?\b:1,,,short/très court
PDNF-dOYWNo,,W or L trade?,,short,trades,0.0,3.0,0.0,0.0,,trade[sr]?\b:1,,,short/très court
kNttt-QQQ5k,,How to trade iFVG’s CORRECTLY…,,short,strategie,6.0,3.0,0.0,0.0,"fvg:1, ifvg:1",trade[sr]?\b:1,,,short/très court
EWLCz5mPiT0,,"$12,500 Prop Firm PAYOUT request…",,short,trades,0.0,9.0,0.0,0.0,,"payout:1, prop ?firm:1, \$\d:1",,,short/très court
_YaNGb1jh1I,,Po3 + iFVG EXPLAINED…,,short,strategie,9.0,0.0,0.0,0.0,"fvg:1, ifvg:1, \bpo3\b:1",,,,short/très court
ghkfTPrfq68,,W or L trade?,,short,trades,0.0,3.0,0.0,0.0,,trade[sr]?\b:1,,,short/très court
nuT56Hs8M1k,,Po3 + iFVG is INSANE…,,short,strategie,9.0,0.0,0.0,0.0,"fvg:1, ifvg:1, \bpo3\b:1",,,,short/très court
Ob-zmOWS6Ic,,W or L trade?,,short,trades,0.0,3.0,0.0,0.0,,trade[sr]?\b:1,,,short/très court
MbcaUNBF27k,,W or L trade?,,short,trades,0.0,3.0,0.0,0.0,,trade[sr]?\b:1,,,short/très court
rYy24koamXY,,W or L trade?,,short,trades,0.0,3.0,0.0,0.0,,trade[sr]?\b:1,,,short/très court
LMchcFDAAW4,,W or L trade?,,short,trades,0.0,3.0,0.0,0.0,,trade[sr]?\b:1,,,short/très court
YAppounlGOI,,W or L trade?,,short,trades,0.0,3.0,0.0,0.0,,trade[sr]?\b:1,,,short/très court
vvxDG2AUILo,,W or L trade?,,short,trades,0.0,3.0,0.0,0.0,,trade[sr]?\b:1,,,short/très court
Tr-gIgzL4Yc,,"$9,400 payout SECURED…",,short,trades,0.0,6.0,0.0,0.0,,"payout:1, \$\d:1",,,short/très court
MMOLyZBK9yc,,W or L trade?,,short,trades,0.0,3.0,0.0,0.0,,trade[sr]?\b:1,,,short/très court
ynmhEyvm6-Y,,Best 1:1 RR setups of the week…,,short,strategie,6.0,3.0,0.0,0.0,"setup:1, \brr\b:1",week:1,,,short/très court
tvQ8Ho5an9A,,W or L trade?,,short,trades,0.0,3.0,0.0,0.0,,trade[sr]?\b:1,,,short/très court
jFgG7ltHiwE,,W or L trade?,,short,trades,0.0,3.0,0.0,0.0,,trade[sr]?\b:1,,,short/très court
4un2dFUDLSI,,W or L trade?,,short,trades,0.0,3.0,0.0,0.0,,trade[sr]?\b:1,,,short/très court
wCHJaaHsSnE,,Po3 + iFVG EXPLAINED…,,short,strategie,9.0,0.0,0.0,0.0,"fvg:1, ifvg:1, \bpo3\b:1",,,,short/très court
aCFwQfrAZC8,,Best trading INDICATORS…,,short,indetermine,0.0,0.0,0.0,0.0,,,,,short/très court
VDo_-EZPQ1Y,,Unfilled FVG strategy EXPLAINED…,,short,strategie,6.0,0.0,0.0,0.0,"strategy:1, fvg:1",,,,short/très court
UHQSPJHIX4g,,W or L trade?,,short,trades,0.0,3.0,0.0,0.0,,trade[sr]?\b:1,,,short/très court
64yqlUX2WsI,,W or L trade?,,short,trades,0.0,3.0,0.0,0.0,,trade[sr]?\b:1,,,short/très court
HOv-SVuwWaE,,W or L trade?,,short,trades,0.0,3.0,0.0,0.0,,trade[sr]?\b:1,,,short/très court
hArTGdXOWJ8,,W or L trade?,,short,trades,0.0,3.0,0.0,0.0,,trade[sr]?\b:1,,,short/très court
xhgakGaqlFs,,W or L trade?,,short,trades,0.0,3.0,0.0,0.0,,trade[sr]?\b:1,,,short/très court
jvNfcC1xX9w,,W or L trade?,,short,trades,0.0,3.0,0.0,0.0,,trade[sr]?\b:1,,,short/très court
rIMf1kHwDrg,,W or L trade?,,short,trades,0.0,3.0,0.0,0.0,,trade[sr]?\b:1,,,short/très court
-bxHygS8xcA,,W or L trade?,,short,trades,0.0,3.0,0.0,0.0,,trade[sr]?\b:1,,,short/très court
InP9LSABNVY,,W or L trade?,,short,trades,0.0,3.0,0.0,0.0,,trade[sr]?\b:1,,,short/très court
9gGRL8RZPf8,,W or L trade?,,short,trades,0.0,3.0,0.0,0.0,,trade[sr]?\b:1,,,short/très court
ZPWfkF62Qno,,W or L trade?,,short,trades,0.0,3.0,0.0,0.0,,trade[sr]?\b:1,,,short/très court
AofW52mel6I,,W or L trade?,,short,trades,0.0,3.0,0.0,0.0,,trade[sr]?\b:1,,,short/très court
sNMjbt80s7w,,W or L trade?,,short,trades,0.0,3.0,0.0,0.0,,trade[sr]?\b:1,,,short/très court
CAhe4Vn5Wqs,,W or L trade?,,short,trades,0.0,3.0,0.0,0.0,,trade[sr]?\b:1,,,short/très court
Xr04YDyrUNY,,Po3 + iFVG EXPLAINED…,,short,strategie,9.0,0.0,0.0,0.0,"fvg:1, ifvg:1, \bpo3\b:1",,,,short/très court
-_GY9RrSS9A,,W or L trade?,,short,trades,0.0,3.0,0.0,0.0,,trade[sr]?\b:1,,,short/très court
ESsva1eU3bY,,Unfilled FVG + iFVG EXPLAINED…,,short,strategie,9.0,0.0,0.0,0.0,"fvg:2, ifvg:1",,,,short/très court
BZP6kuOlWMA,,W or L trade?,,short,trades,0.0,3.0,0.0,0.0,,trade[sr]?\b:1,,,short/très court
JR0YG0odzV8,,W or L trade?,,short,trades,0.0,3.0,0.0,0.0,,trade[sr]?\b:1,,,short/très court
JlqSKL71K0g,,W or L trade?,,short,trades,0.0,3.0,0.0,0.0,,trade[sr]?\b:1,,,short/très court
RsorOxeXFHM,,W or L trade?,,short,trades,0.0,3.0,0.0,0.0,,trade[sr]?\b:1,,,short/très court
2XjbWTS8600,,W or L trade?,,short,trades,0.0,3.0,0.0,0.0,,trade[sr]?\b:1,,,short/très court
vLmOKvoYQxc,,Ranking trading indicators…,,short,indetermine,0.0,0.0,0.0,0.0,,,,,short/très court
Oo-2PkLo-k4,,W or L trade?,,short,trades,0.0,3.0,0.0,0.0,,trade[sr]?\b:1,,,short/très court
q5nxtooAfbc,,W or L trade?,,short,trades,0.0,3.0,0.0,0.0,,trade[sr]?\b:1,,,short/très court
zsm92-eZ5WI,,Rating Trading Habits…,,short,mindset,0.0,0.0,3.0,0.0,,,habit:1,,short/très court
jcbd2s07FCc,,Po3 + iFVG is INSANE…,,short,strategie,9.0,0.0,0.0,0.0,"fvg:1, ifvg:1, \bpo3\b:1",,,,short/très court
ugDw44m5kL8,,W or L trade?,,short,trades,0.0,3.0,0.0,0.0,,trade[sr]?\b:1,,,short/très court
cestjbMBiWA,,W or L trade?,,short,trades,0.0,3.0,0.0,0.0,,trade[sr]?\b:1,,,short/très court
zIr782mttXY,,Po3 + iFVG is INSANE…,,short,strategie,9.0,0.0,0.0,0.0,"fvg:1, ifvg:1, \bpo3\b:1",,,,short/très court
OY1wSMwxevA,,W or L trade?,,short,trades,0.0,3.0,0.0,0.0,,trade[sr]?\b:1,,,short/très court
Za2UmFO-9n0,,Unfilled gap + iFVG is INSANE…,,short,strategie,6.0,0.0,0.0,0.0,"fvg:1, ifvg:1",,,,short/très court
MoZZUu4yfn8,,W or L trade?,,short,trades,0.0,3.0,0.0,0.0,,trade[sr]?\b:1,,,short/très court
Ya5K7cd-Rhg,,Unfilled FVG + iFVG strategy…,,short,strategie,12.0,0.0,0.0,0.0,"fvg:2, strategy:1, ifvg:1",,,,short/très court
hV4_beFyNpE,,W or L trade?,,short,trades,0.0,3.0,0.0,0.0,,trade[sr]?\b:1,,,short/très court
r6qKe6hHot0,,W or L trade?,,short,trades,0.0,3.0,0.0,0.0,,trade[sr]?\b:1,,,short/très court
YTpZTjqCYC8,,W or L trade?,,short,trades,0.0,3.0,0.0,0.0,,trade[sr]?\b:1,,,short/très court
tYT30MpcBb8,,Po3 + iFVG is the BEST strategy…,,short,strategie,12.0,0.0,0.0,0.0,"strategy:1, fvg:1, ifvg:1, \bpo3\b:1",,,,short/très court
6fO_8100QJE,,W or L trade?,,short,trades,0.0,3.0,0.0,0.0,,trade[sr]?\b:1,,,short/très court
F63BiFU3hFE,,W or L trade?,,short,trades,0.0,3.0,0.0,0.0,,trade[sr]?\b:1,,,short/très court
DcuYefPLrV8,,W or L trade?,,short,trades,0.0,3.0,0.0,0.0,,trade[sr]?\b:1,,,short/très court
6rDKMA5jXGY,,W or L trade?,,short,trades,0.0,3.0,0.0,0.0,,trade[sr]?\b:1,,,short/très court
mdoLPzE8JF0,,W or L trade?,,short,trades,0.0,3.0,0.0,0.0,,trade[sr]?\b:1,,,short/très court
C6tiWGvspno,,W or L trade?,,short,trades,0.0,3.0,0.0,0.0,,trade[sr]?\b:1,,,short/très court
chRBVY3V4I8,,W or L trade?,,short,trades,0.0,3.0,0.0,0.0,,trade[sr]?\b:1,,,short/très court
y_2ZdK1E-JU,,W or L trade?,,short,trades,0.0,3.0,0.0,0.0,,trade[sr]?\b:1,,,short/très court
leqeleYcFr4,,W or L trade?,,short,trades,0.0,3.0,0.0,0.0,,trade[sr]?\b:1,,,short/très court
vZDUTihcOJ8,,W or L trades?,,short,trades,0.0,3.0,0.0,0.0,,trade[sr]?\b:1,,,short/très court
jsHLYKnhyi0,,Po3 + iFVG is the BEST strategy…,,short,strategie,12.0,0.0,0.0,0.0,"strategy:1, fvg:1, ifvg:1, \bpo3\b:1",,,,short/très court
Cbgjw8lqzFM,,Let’s test your trading SKILLS…,,short,indetermine,0.0,0.0,0.0,0.0,,,,,short/très court
vI9MmXkRSho,,Standard Deviation EXPLAINED…,,short,indetermine,0.0,0.0,0.0,0.0,,,,,short/très court
PUg4Jrfgetk,,PO3 + iFVG is so GOOD…,,short,strategie,9.0,0.0,0.0,0.0,"fvg:1, ifvg:1, \bpo3\b:1",,,,short/très court
-Pmh02uN2xI,,Slow vs Aggressive iFVG’s EXPLAINED…,,short,strategie,6.0,0.0,0.0,0.0,"fvg:1, ifvg:1",,,,short/très court
nlNHRsKWeHE,,W or L trade?,,short,trades,0.0,3.0,0.0,0.0,,trade[sr]?\b:1,,,short/très court
4zu34TMD3WY,,The truth about prop firm trading…,,short,trades,0.0,3.0,0.0,0.0,,prop ?firm:1,,,short/très court
7Usw_iZPRSM,,W or L trade?,,short,trades,0.0,3.0,0.0,0.0,,trade[sr]?\b:1,,,short/très court
DLjyoZCpB4k,,W or L trade?,,short,trades,0.0,3.0,0.0,0.0,,trade[sr]?\b:1,,,short/très court
j6KmSXCNK-Y,,W or L trade?,,short,trades,0.0,3.0,0.0,0.0,,trade[sr]?\b:1,,,short/très court
h92C6CjIUDU,,W or L trade?,,short,trades,0.0,3.0,0.0,0.0,,trade[sr]?\b:1,,,short/très court
yNntzqRtwLs,,W or L trade?,,short,trades,0.0,3.0,0.0,0.0,,trade[sr]?\b:1,,,short/très court
RBJivS5GQXw,,W or L trade,,short,trades,0.0,3.0,0.0,0.0,,trade[sr]?\b:1,,,short/très court
ri8Rpx3klAc,,W or L trade?,,short,trades,0.0,3.0,0.0,0.0,,trade[sr]?\b:1,,,short/très court
mcnUiYke60o,,W or L trade?,,short,trades,0.0,3.0,0.0,0.0,,trade[sr]?\b:1,,,short/très court
QLM8NvgjTfs,,W or L trade?,,short,trades,0.0,3.0,0.0,0.0,,trade[sr]?\b:1,,,short/très court
TZewfNEK7iM,,W or L trade?,,short,trades,0.0,3.0,0.0,0.0,,trade[sr]?\b:1,,,short/très court
hgbkCih6YwQ,,W or L trade?,,short,trades,0.0,3.0,0.0,0.0,,trade[sr]?\b:1,,,short/très court
UxABp31sDA4,,W or L trade?,,short,trades,0.0,3.0,0.0,0.0,,trade[sr]?\b:1,,,short/très court
bFLN_MZbROY,,W or L trade?,,short,trades,0.0,3.0,0.0,0.0,,trade[sr]?\b:1,,,short/très court
ImRy5OLp-F0,,W or L trade?,,short,trades,0.0,3.0,0.0,0.0,,trade[sr]?\b:1,,,short/très court
dvJSLrEB8js,,W or L trade?,,short,trades,0.0,3.0,0.0,0.0,,trade[sr]?\b:1,,,short/très court
_vijXCAENnc,,W or L trade?,,short,trades,0.0,3.0,0.0,0.0,,trade[sr]?\b:1,,,short/très court
QQvyzhxmec4,,W or L trade?,,short,trades,0.0,3.0,0.0,0.0,,trade[sr]?\b:1,,,short/très court
PRwcd3SQvLc,,My trading strategy,,short,strategie,3.0,0.0,0.0,0.0,strategy:1,,,,short/très court
YZvaFslXNDQ,,PO3 + iFVG is INSANE…,,short,strategie,9.0,0.0,0.0,0.0,"fvg:1, ifvg:1, \bpo3\b:1",,,,short/très court
vaE3RRdveEA,,W or L trade?,,short,trades,0.0,3.0,0.0,0.0,,trade[sr]?\b:1,,,short/très court
0X1TpOiqxXU,,W or L trade?,,short,trades,0.0,3.0,0.0,0.0,,trade[sr]?\b:1,,,short/très court
mgWvlM4pU1g,,W or L trade?,,short,trades,0.0,3.0,0.0,0.0,,trade[sr]?\b:1,,,short/très court
pwJONsiUxrw,,Fair value gap strategy…,,short,strategie,6.0,0.0,0.0,0.0,"strategy:1, fair value gap:1",,,,short/très court
T91c7GaSmjo,,W or L trade?,,short,trades,0.0,3.0,0.0,0.0,,trade[sr]?\b:1,,,short/très court
omN1p_Vs0qE,,How to trade IFVG,0:11:44,video,strategie,6.0,3.0,0.0,0.0,"fvg:1, ifvg:1",trade[sr]?\b:1,,,pas de transcription
L5EO0MPJQ2s,,Base hit scalping will change everything,0:14:50,video,indetermine,0.0,0.0,0.0,0.0,,,,,pas de transcription
TA5xPUosUjE,,IFVG scalping recap,0:11:09,video,strategie,6.0,6.0,0.0,0.0,"fvg:1, ifvg:1","recap:1, r[ée]cap:1",,,pas de transcription
6PjMQHnpqSQ,,The only scalping strategy you need,0:09:58,video,strategie,3.0,0.0,0.0,0.0,strategy:1,,,,pas de transcription
QqoqubUStZI,,80% win rate ICT strategy,0:11:38,video,strategie,3.0,0.0,0.0,0.0,strategy:1,,,,pas de transcription
SRr-F2w5ayU,,How to find bias using IFVG's,0:08:01,video,strategie,9.0,0.0,0.0,0.0,"fvg:1, ifvg:1, \bbias\b:1",,,,pas de transcription
n8bPhcHodpE,,IFVG scalping strategy explained,0:05:32,video,strategie,9.0,0.0,0.0,0.0,"strategy:1, fvg:1, ifvg:1",,,,pas de transcription
IzYm5xp1aQY,,I Simplified ICT's 2022 Model,0:18:41,video,strategie,3.0,0.0,0.0,0.0,model:1,,,,pas de transcription
mOG5VNBff3Y,,My One Trading Setup For Life - PO3,0:13:50,video,strategie,6.0,0.0,0.0,0.0,"setup:1, \bpo3\b:1",,,,pas de transcription
l4Ci7X6QVvM,,ICT Silver Bullet Strategy Explained,0:08:47,video,strategie,6.0,0.0,0.0,0.0,"strategy:1, silver bullet:1",,,,pas de transcription
hnKpuXb-Emk,,The Only Trading Strategy You Will Ever Need,0:06:56,video,strategie,3.0,0.0,0.0,0.0,strategy:1,,,,pas de transcription
aSbVisyca4k,,Liquidity: Buyside & Sellside,0:11:50,video,strategie,3.0,0.0,0.0,0.0,liquidity:1,,,,pas de transcription
pcbVjLHQ3zM,,The Only STRATEGY Video You Need,0:15:11,video,strategie,3.0,0.0,0.0,0.0,strategy:1,,,,pas de transcription
RqXEtdC_Pdo,,How To Trade Continuations,0:10:35,video,trades,0.0,3.0,0.0,0.0,,trade[sr]?\b:1,,,pas de transcription
aeMISVpctb0,,Monthly P&L Of A 21 Year Old Day Trader,0:14:48,video,trades,0.0,6.0,0.0,0.0,,"trade[sr]?\b:1, \bp ?& ?l\b:1",,,pas de transcription
HuqFTRIZzBw,,Simple 75% Win Rate Inversion Strategy,0:15:56,video,strategie,6.0,0.0,0.0,0.0,"strategy:1, inversion:1",,,,pas de transcription
YkZMfLfdVvo,,This Is The Highest Probability IFVG,0:15:15,video,strategie,6.0,0.0,0.0,0.0,"fvg:1, ifvg:1",,,,pas de transcription
gkmGtHsBIvU,,Top 5 Setups Of The Week,0:19:45,video,strategie,3.0,3.0,0.0,0.0,setup:1,week:1,,,pas de transcription
Hi07pmuRiys,,Stop Trading The ICT 2022 Model,0:40:13,video,strategie,3.0,0.0,0.0,0.0,model:1,,,,pas de transcription
GgbuIASs06U,,Scalping Was Hard Until I Found This Strategy,0:24:08,video,strategie,3.0,0.0,0.0,0.0,strategy:1,,,,pas de transcription
egRRXdigxaU,,This Strategy Is Boring. But It Makes Me $500/Day,0:22:10,video,strategie,3.0,3.0,0.0,0.0,strategy:1,\$\d:1,,,pas de transcription
uafvsZ1E0R8,,I Simplified ICT's Inversion Model,0:11:08,video,strategie,6.0,0.0,0.0,0.0,"model:1, inversion:1",,,,pas de transcription
ozyxTqlHqOk,,The ONLY Strategy That Works in 2025,0:19:20,video,strategie,3.0,0.0,0.0,0.0,strategy:1,,,,pas de transcription
zhlNHBA24eE,,How I Passed My Prop Firm Challenge in 6 Days,0:17:47,video,trades,3.0,6.0,0.0,0.0,how i:1,"challenge:1, prop ?firm:1",,,pas de transcription
2IcJgN5tOA0,,My Incredibly Easy Scalping Strategy That Works Everyday,0:22:53,video,strategie,3.0,0.0,0.0,0.0,strategy:1,,,,pas de transcription
pCG3wSOf89A,,The Best Trading Strategy Explained in 20 Minutes,0:22:07,video,strategie,3.0,0.0,0.0,0.0,strategy:1,,,,pas de transcription
aILa3UM20bQ,,This Day Trading Strategy has a 90% Win Rate (Not Clickbait),0:11:28,video,strategie,3.0,0.0,0.0,0.0,strategy:1,,,,pas de transcription
qzdZTxjZgk8,,"The Exact Strategy To Go From $100 - $10,000",0:18:44,video,trades,3.0,6.0,0.0,0.0,strategy:1,\$\d:2,,,pas de transcription
WuzNrvwxQns,,This ICT Strategy Works Everyday (Stupid Simple And Proven),0:13:16,video,strategie,3.0,0.0,0.0,0.0,strategy:1,,,,pas de transcription
2hwGx8E3AL8,,Tradeify Funding Explained (No Evaluations),0:18:28,video,indetermine,0.0,0.0,0.0,0.0,,,,,pas de transcription
wgCFgeyCJ-o,,Open High Low Close (OHLC/OLHC) - PO3,0:10:44,video,strategie,3.0,0.0,0.0,0.0,\bpo3\b:1,,,,pas de transcription
23RUZJX0NP4,,The Only Day Trading Strategy I Would Use If I Could Start Over...,0:18:51,video,strategie,3.0,0.0,0.0,0.0,strategy:1,,,,pas de transcription
c61IF1eqh08,,92% Win Rate Backtesting Session (Best Trading Strategy),0:37:00,video,strategie,9.0,0.0,0.0,0.0,"strategy:1, session:1, backtest:1",,,,pas de transcription
DkAHaE_Ntuw,,"How I Made $3,000 in 5 Minutes Day Trading | INSANE",0:09:45,video,strategie,3.0,3.0,0.0,0.0,how i:1,\$\d:1,,,pas de transcription
lAg_FhjDWAY,,"How I Made $4,100 Today Trading Futures",0:23:15,video,trades,3.0,6.0,0.0,0.0,how i:1,"\$\d:1, today:1",,,pas de transcription
DIOMJCupv2o,,This 1 Minute Scalping Strategy Works Everyday (Stupid Simple and Proven),0:11:15,video,strategie,3.0,0.0,0.0,0.0,strategy:1,,,,pas de transcription
UWukQ5sLWAU,,"How I Made $5,800 Today Trading Futures",0:13:44,video,trades,3.0,6.0,0.0,0.0,how i:1,"\$\d:1, today:1",,,pas de transcription
23SGKQ6gwDY,,Stop Trading Forex... Try This Instead,0:09:56,video,indetermine,0.0,0.0,0.0,0.0,,,,,pas de transcription
RPbKKHCPHmY,,The Best ICT Strategy in 2025,0:18:42,video,strategie,3.0,0.0,0.0,0.0,strategy:1,,,,pas de transcription
lzVxMQltTzI,,Making a FULL TIME INCOME With Trading at 22 years old,0:06:50,video,indetermine,0.0,0.0,0.0,0.0,,,,,pas de transcription
N1ZZmpNBHfE,,Scalping Saved My Trading Career (The Truth),0:20:03,video,indetermine,0.0,0.0,0.0,0.0,,,,,pas de transcription
wsixDhFuiDY,,"Scalping was Hard, until I Found this SECRET",0:14:44,video,indetermine,0.0,0.0,0.0,0.0,,,,,pas de transcription
S4EEKnpJlmI,,$0 to $100k Trading Prop Firms (TRADEIFY),0:06:52,video,trades,0.0,9.0,0.0,0.0,,"\$\d:2, prop ?firm:1",,,pas de transcription
k7qiiP3CzS0,,"Only 3 Trades From a $15,000 payout",0:07:11,video,trades,0.0,9.0,0.0,0.0,,"trade[sr]?\b:1, payout:1, \$\d:1",,,pas de transcription
Mif_8ipLGvo,,"I Lost $2,700 Day Trading… (Hard Truth)",0:07:11,video,trades,0.0,3.0,0.0,0.0,,\$\d:1,,,pas de transcription
UznlHDRXU9w,,This is why 90% of traders FAIL,0:27:05,video,indetermine,0.0,0.0,0.0,0.0,,,,,pas de transcription
e_tzVkbel9s,,2 Days From My Payout… Nothing Can Break My Focus,0:08:18,video,trades,0.0,3.0,0.0,0.0,,payout:1,,,pas de transcription
q2xRhOMgdXM,,The One Trading Strategy That Works Everyday (ICT concepts),0:15:55,video,strategie,3.0,0.0,0.0,0.0,strategy:1,,,,pas de transcription
sPM0mSZFL9Q,,My 1 Minute Scalping Strategy Explained (Full Trade Recap),0:26:01,video,trades,3.0,9.0,0.0,0.0,strategy:1,"trade[sr]?\b:1, recap:1, r[ée]cap:1",,,pas de transcription
crl2CP-z9EA,,High Win Rate Scalping Using ICT Concept,0:11:11,video,indetermine,0.0,0.0,0.0,0.0,,,,,pas de transcription
yxIj21rt9J4,,"$12,000 TRADEIFY Payout Request - Don't Quit Trading",0:13:37,video,trades,0.0,6.0,0.0,0.0,,"payout:1, \$\d:1",,,pas de transcription
inGUufLcG_A,,"How I Requested a $15,000+ Payout With Tradeify",0:23:00,video,trades,3.0,6.0,0.0,0.0,how i:1,"payout:1, \$\d:1",,,pas de transcription
qX-EraY05M0,,How to Scalp | Learn Scalping in 10 Minutes,0:12:40,video,indetermine,0.0,0.0,0.0,0.0,,,,,pas de transcription
RvhhLZojCKI,,How to REALLY Scalp Nasdaq (Most Traders Do It Wrong),0:13:23,video,indetermine,0.0,0.0,0.0,0.0,,,,,pas de transcription
68-K-sf18Gg,,This Stupid Simple ICT Scalping Strategy Made Me a Consistent Trader,0:15:25,video,strategie,3.0,3.0,0.0,0.0,strategy:1,trade[sr]?\b:1,,,pas de transcription
eE8QXcSpLPE,,Finding an A+ ICT Scalping Setup Every Day,0:17:51,video,strategie,3.0,0.0,0.0,0.0,setup:1,,,,pas de transcription
lPGCY0Io3PY,,The EASIEST Way to Trade ICT in 2025,0:09:54,video,trades,0.0,3.0,0.0,0.0,,trade[sr]?\b:1,,,pas de transcription
lvD_5PVUKnw,,Scalping ICT Concepts Will Change Everything...,0:18:46,video,indetermine,0.0,0.0,0.0,0.0,,,,,pas de transcription
CXKvidWuWpQ,,This ICT Trading Strategy should be illegal...,0:15:05,video,strategie,3.0,0.0,0.0,0.0,strategy:1,,,,pas de transcription
F8iz0uZ2iKU,,88% Win Rate Backtesting Session (Best Futures Strategy),0:35:31,video,strategie,9.0,0.0,0.0,0.0,"strategy:1, session:1, backtest:1",,,,pas de transcription
XGzs_0Q-Pbo,,How I Passed My Prop Firm Challenge in 3 Days,0:13:25,video,trades,3.0,6.0,0.0,0.0,how i:1,"challenge:1, prop ?firm:1",,,pas de transcription
3aIadPsUklg,,My Super Simple ICT Trading Strategy | Get Funded,0:13:34,video,strategie,3.0,3.0,0.0,0.0,strategy:1,funded:1,,,pas de transcription
MCMJP3vuv1g,,EASY Scalping Strategy For Day Trading (High Win Rate Strategy),0:14:48,video,strategie,6.0,0.0,0.0,0.0,strategy:2,,,,pas de transcription
Pa3QCRvGruI,,Finding an A+ ICT Setup Every Day,0:08:34,video,strategie,3.0,0.0,0.0,0.0,setup:1,,,,pas de transcription
goJGuAwupo0,,The Scalping Strategy Used By Funded Traders (PRICE ACTION),0:08:26,video,strategie,3.0,3.0,0.0,0.0,strategy:1,funded:1,,,pas de transcription
AORzaV8T1w0,,How To Pass Prop Firm Challenges EVERY TIME,0:13:09,video,trades,0.0,6.0,0.0,0.0,,"challenge:1, prop ?firm:1",,,pas de transcription
UB9SZXKAMxA,,The 1 Minute Scalping Strategy I'm OBSESSED with (ICT),0:12:10,video,strategie,3.0,0.0,0.0,0.0,strategy:1,,,,pas de transcription
