video_id,upload_date,title,duration,transcription,categorie,categories_secondaires,modeles_presentes,ordre_lecture,justification
Tea-SeT3-OU,2026-05-06,This Stupid Simple Strategy Works Everyday (Stupid Simple And Proven),0:32:46,oui,strategie,trades_revue,"Unfilled FVG model (étapes 1-2-3, 3 modèles d'entrée)",1,"Exposé structuré en chapitres Step 1/2/3 (0:00:39, 0:01:58, 0:03:17) puis 5 trades commentés ; première formalisation complète du modèle"
4BLGd9GMo8U,2026-07-29,My UPDATED Day Trading Strategy (2026),0:26:48,oui,strategie,trades_revue,"Unfilled FVG model — version mise à jour (2 modèles d'entrée, règle de timing)",2,Version la plus récente présentée comme « UPDATED » ; 3 étapes (0:00:40) ; entrées réduites à IFVG + CISD (0:02:59) ; fenêtre d'entrée 1-4 min avant clôture (0:16:45)
6jM0S5_Um9M,2026-06-09,"This Simple Scalping Strategy Makes Me Over $30,000/Month",0:29:39,oui,strategie,trades_revue,"Unfilled FVG model + règles de gestion (1 trade/jour, alignement TF, gros ranges H1)",3,"Règles explicites : 1:1 et un trade par jour (0:02:56), alignement 15m→1m / 1h→5m (0:09:16), entrée trop tôt = mauvais trade (0:10:40), cas range H1 > 150 pts (0:18:15)"
3LrXQDS187Y,2026-09-30,"This Trading Strategy Makes $1,000 a Day (Proven Results)",0:40:52,oui,strategie,hors_sujet (payout 0:00:00-0:01:22),"Continuation model (draw on liquidity, Candle Projection Theory) + reversal model (unfilled FVG étendu au 4h)",4,Seule vidéo qui décrit le modèle de continuation (0:01:26) ; table d'alignement 15m/1h/4h/D (0:27:59) ; ajoute le 4h (0:23:07)
nxYi6bd9enA,2026-10-06,"Trading Was Hard, Until I Understood These Two Concepts",0:15:33,oui,trades_revue,strategie,Unfilled FVG model en H1 avec entrée M5 (trade live),5,Trade live MNQ du 2026-09-24 (0:01:46) avec passage à break-even (0:02:30) ; rappel du modèle (0:03:32)
oSqLOXBP7NY,2026-10-08,"If I Had to Make $500 by Tomorrow, I’d Use This Trading Strategy",0:20:53,oui,trades_revue,strategie,Unfilled FVG (short non pris) + entrée sur breaker HTF vers un gap non comblé (trade live),6,"Trade live du 2026-09-25 (0:01:46) ; gestion du stop (0:03:43) ; « wicks do the damage, bodies tell the story » (0:06:27) ; achat en premium assumé (0:15:22)"
3z6qgc66RA8,2025-10-22,The Only Setup You Need To Pass A Funded Challenge,0:11:13,oui,trades_revue,strategie,"Version 2025 du modèle (sweep London low, filtre FVG 3m, SMT)",7,"Récap des trades du 2025-10-21 ; ancienne formulation : biais par checklist (0:01:44), filtre FVG 3 min (0:01:21), philosophie contre-tendance (0:09:44)"
CsV2m7miTyk,2025-10-17,How I Increased Win Rate In Trading,0:12:34,oui,trades_revue,strategie,"Version 2025 du modèle (contexte 4h/daily, PO3, CISD par prix d'ouverture)",8,"Récap des trades du 2025-10-16 ; définition du CISD par le prix d'ouverture de la série de bougies (0:10:26), différente de 2026"
v1rIJOeAv2c,2025-12-24,"Trading was HARD, until I realized this...",0:10:52,oui,strategie,trades_revue,"Modèle « bougie horaire 9h-10h » : biais pour 10h-11h, MSS opposé = fake-out (ES)",9,"Modèle distinct du modèle FVG : biais = couleur de la bougie 9-10h (0:01:56), on fade le MSS contraire (0:02:30), tradé sur ES (0:00:44)"
ICMqaYh6l9g,2025-10-09,How to REALLY Scalp NQ (Most Traders Do It Wrong),0:15:14,non,non_classable,strategie (titre seul),,—,Sous-titres non téléchargeables (blocage YouTube) ; catégorie supposée d'après le titre uniquement
uAITVN8kEUk,2025-10-11,Order Blocks - Explained in 10 Minutes,0:10:51,non,non_classable,strategie/concept (titre seul),,—,Idem ; vidéo de concept (order block) d'après le titre
JGQ3-DJIWbo,2025-10-15,The Only Day Trading Strategy I Would Use If I Could Start Over...,0:15:17,non,non_classable,strategie (titre seul),,—,Idem
EKdBRVsAItU,2025-10-16,How To Trade Prop Firms the RIGHT WAY,0:17:58,non,non_classable,mindset/gestion prop firm (titre seul),,—,Idem
Z-FKuV1LiMI,2025-11-05,This ICT Trading Strategy should be illegal...,0:15:55,non,non_classable,strategie (titre seul),,—,Idem
NfMG6bHHmgg,2025-11-19,"$15,000 Tradeify Payout with 72% Win Rate Using 5 Linked Accounts",0:04:56,non,non_classable,resultats/hors_sujet (titre seul),,—,Idem
88O_nyGNIEs,2025-12-03,"This Trading Strategy Made Me $55,071 Last Month",0:16:47,non,non_classable,strategie/resultats (titre seul),,—,Idem
