video_id,upload_date,title,duration_s,duration,url,type,tab_rank,language,manual_subs,auto_orig,view_count,chapters,meta
xBZNoaA-0KY,,Live Trading NQ Futures | Trading 5 $50k S2F Tradeify Accounts,9217,2:33:37,https://www.youtube.com/watch?v=xBZNoaA-0KY,live,51,,,,1800,0,flat-only
wgSqoDtdzx4,,Live Trading NQ Futures | Trading 5 $50k S2F Tradeify Accounts,4983,1:23:03,https://www.youtube.com/watch?v=wgSqoDtdzx4,live,50,,,,976,0,flat-only
uXnWlAX1U0Y,,Live Trading NQ Futures | Trading 5 $50k S2F Tradeify Accounts,8491,2:21:31,https://www.youtube.com/watch?v=uXnWlAX1U0Y,live,49,,,,1000,0,flat-only
A_Qit6mIR8Y,,Live Trading NQ Futures | Trading 5 $150k S2F Tradeify Accounts,8240,2:17:20,https://www.youtube.com/watch?v=A_Qit6mIR8Y,live,48,,,,962,0,flat-only
MnDXdggYwME,,LIVE:  Weekly recap + Backtesting session,7834,2:10:34,https://www.youtube.com/watch?v=MnDXdggYwME,live,47,,,,1000,0,flat-only
84W7fzgOQWc,,Live Trading NQ Futures | Trading 5 $150k S2F Tradeify Accounts,8326,2:18:46,https://www.youtube.com/watch?v=84W7fzgOQWc,live,46,,,,1000,0,flat-only
jocAg0ABiyw,,Live BACKTESTING NQ Futures | Trading 5 $150k S2F Tradeify Accounts,3041,0:50:41,https://www.youtube.com/watch?v=jocAg0ABiyw,live,45,,,,642,0,flat-only
fDeeXfcynL0,,Live Trading NQ Futures | Trading 5 $150k S2F Tradeify Accounts,4920,1:22:00,https://www.youtube.com/watch?v=fDeeXfcynL0,live,44,,,,1100,0,flat-only
H2Yk7TiclMc,,Live Trading NQ Futures | Trading 5 $150k S2F Tradeify Accounts,6994,1:56:34,https://www.youtube.com/watch?v=H2Yk7TiclMc,live,43,,,,930,0,flat-only
Z7qhxwX8ll0,,SUNDAY RECAP,4445,1:14:05,https://www.youtube.com/watch?v=Z7qhxwX8ll0,live,42,,,,677,0,flat-only
crZdW5KG41M,,Live Trading NQ Futures | Trading 5 $150k S2F Tradeify Accounts,7275,2:01:15,https://www.youtube.com/watch?v=crZdW5KG41M,live,41,,,,1100,0,flat-only
3y5gq6YSsew,,Live Trading NQ Futures | Trading 5 $150k S2F Tradeify Accounts,4790,1:19:50,https://www.youtube.com/watch?v=3y5gq6YSsew,live,40,,,,1400,0,flat-only
saQ_ev9r16M,,SUNDAY RECAP,3451,0:57:31,https://www.youtube.com/watch?v=saQ_ev9r16M,live,39,,,,453,0,flat-only
OTC2IJ9BR9I,,Live Trading NQ Futures | Trading 5 $150k S2F Tradeify Accounts,8370,2:19:30,https://www.youtube.com/watch?v=OTC2IJ9BR9I,live,38,,,,865,0,flat-only
tzhfaGq3vsQ,,Live Trading NQ Futures | Trading 5 $150k S2F Tradeify Accounts,6675,1:51:15,https://www.youtube.com/watch?v=tzhfaGq3vsQ,live,37,,,,920,0,flat-only
G7CnDTXD4D0,,Live: Weekly Recap,3541,0:59:01,https://www.youtube.com/watch?v=G7CnDTXD4D0,live,36,,,,567,0,flat-only
mOmOcQBVMI8,,Live Trading NQ Futures | Trading 5 $150k S2F Tradeify Accounts,12193,3:23:13,https://www.youtube.com/watch?v=mOmOcQBVMI8,live,35,,,,1500,0,flat-only
TgYE9LpJDCU,,Live Trading NQ Futures | Trading 5 $150k S2F Tradeify Accounts,7349,2:02:29,https://www.youtube.com/watch?v=TgYE9LpJDCU,live,34,,,,918,0,flat-only
OMFd6PyUa80,,Live: Weekly Recap,3175,0:52:55,https://www.youtube.com/watch?v=OMFd6PyUa80,live,33,,,,615,0,flat-only
SpcU1IMk4Dc,,Live Trading NQ Futures | Trading 5 $150k S2F Tradeify Accounts,6329,1:45:29,https://www.youtube.com/watch?v=SpcU1IMk4Dc,live,32,,,,932,0,flat-only
vSu53WshZtU,,Live Trading NQ Futures | Trading 5 $150k S2F Tradeify Accounts,4753,1:19:13,https://www.youtube.com/watch?v=vSu53WshZtU,live,31,,,,816,0,flat-only
litiaIVVQhM,,LIVE: Weekly Recap + P&L,4616,1:16:56,https://www.youtube.com/watch?v=litiaIVVQhM,live,30,,,,589,0,flat-only
qXKDWO1RYB4,,Live Trading NQ Futures | Trading 5 $150k S2F Tradeify Accounts,7080,1:58:00,https://www.youtube.com/watch?v=qXKDWO1RYB4,live,29,,,,1100,0,flat-only
VB1YZWMal90,,Live Trading NQ Futures | Trading 5 $150k S2F Tradeify Accounts,5875,1:37:55,https://www.youtube.com/watch?v=VB1YZWMal90,live,28,,,,953,0,flat-only
GQ-UbYnz8GM,,Live: Weekly Recap + P&L,4161,1:09:21,https://www.youtube.com/watch?v=GQ-UbYnz8GM,live,27,,,,527,0,flat-only
rQG-HKmq6Mw,,Live Trading NQ Futures | Trading 5 $150k S2F Tradeify Accounts,6898,1:54:58,https://www.youtube.com/watch?v=rQG-HKmq6Mw,live,26,,,,1000,0,flat-only
XcLghC2krjQ,,Live Trading NQ Futures | Trading 5 $150k S2F Tradeify Accounts,5145,1:25:45,https://www.youtube.com/watch?v=XcLghC2krjQ,live,25,,,,915,0,flat-only
LNaux-zg9f4,,Live Trading NQ Futures | Trading 5 $150k S2F Tradeify Accounts,6480,1:48:00,https://www.youtube.com/watch?v=LNaux-zg9f4,live,24,,,,1100,0,flat-only
-dZugKM7PVo,,Live Trading NQ Futures | Trading 5 $150k S2F Tradeify Accounts,4771,1:19:31,https://www.youtube.com/watch?v=-dZugKM7PVo,live,23,,,,1300,0,flat-only
6eY9nLbjV-4,,Live Trading NQ Futures | Trading 5 $150k S2F Tradeify Accounts,5861,1:37:41,https://www.youtube.com/watch?v=6eY9nLbjV-4,live,22,,,,1400,0,flat-only
SO0g1TJyrVk,,Live Trading NQ Futures | Trading 5 $150k S2F Tradeify Accounts,4270,1:11:10,https://www.youtube.com/watch?v=SO0g1TJyrVk,live,21,,,,1200,0,flat-only
leiV9o76EBc,,Live Trading NQ Futures | Trading 5 $150k S2F Tradeify Accounts,3962,1:06:02,https://www.youtube.com/watch?v=leiV9o76EBc,live,20,,,,1200,0,flat-only
8OPPXaa7G7k,,Live Trading NQ Futures | Trading 5 $150k S2F Tradeify Accounts,6056,1:40:56,https://www.youtube.com/watch?v=8OPPXaa7G7k,live,19,,,,1500,0,flat-only
BIwdaXiS-5Y,,Live Trading NQ Futures | Trading 5 $150k S2F Tradeify Accounts,5632,1:33:52,https://www.youtube.com/watch?v=BIwdaXiS-5Y,live,18,,,,1600,0,flat-only
NjJZs2K8kQw,,Live Trading NQ Futures | Trading 5 $150k S2F Tradeify Accounts,4267,1:11:07,https://www.youtube.com/watch?v=NjJZs2K8kQw,live,17,,,,1200,0,flat-only
PrgjtGvJH6k,,Live Trading NQ Futures | Trading 5 $150k S2F Tradeify Accounts,6076,1:41:16,https://www.youtube.com/watch?v=PrgjtGvJH6k,live,16,,,,1400,0,flat-only
BFg1zqZc354,,Live Trading NQ Futures | Trading 5 $150k S2F Tradeify Accounts,4240,1:10:40,https://www.youtube.com/watch?v=BFg1zqZc354,live,15,,,,1200,0,flat-only
h_lDVKylZvA,,Live Trading NQ Futures | Trading 5 $150k S2F Tradeify Accounts,5634,1:33:54,https://www.youtube.com/watch?v=h_lDVKylZvA,live,14,,,,1400,0,flat-only
pGs0nl40SmE,,Live Trading NQ Futures | Trading 5 $150k S2F Tradeify Accounts,4454,1:14:14,https://www.youtube.com/watch?v=pGs0nl40SmE,live,13,,,,1300,0,flat-only
tgDkYrnFRO4,,Live Trading NQ Futures | Trading 5 $150k S2F Tradeify Accounts,4756,1:19:16,https://www.youtube.com/watch?v=tgDkYrnFRO4,live,12,,,,1100,0,flat-only
gHlX7K9F4zQ,,Live Trading NQ Futures | Trading 5 $150k S2F Tradeify Accounts,6240,1:44:00,https://www.youtube.com/watch?v=gHlX7K9F4zQ,live,11,,,,1000,0,flat-only
LBNM0FcnzB4,,Live Trading NQ Futures | Trading 5 $150k S2F Tradeify Accounts,4490,1:14:50,https://www.youtube.com/watch?v=LBNM0FcnzB4,live,10,,,,1300,0,flat-only
PhXGF6z4LtA,,Live Trading NQ Futures | Trading 5 $150k S2F Tradeify Accounts,5305,1:28:25,https://www.youtube.com/watch?v=PhXGF6z4LtA,live,9,,,,1100,0,flat-only
MWKAMUYnDTo,,Live Trading NQ Futures | Trading 5 $150k S2F Tradeify Accounts,3765,1:02:45,https://www.youtube.com/watch?v=MWKAMUYnDTo,live,8,,,,914,0,flat-only
bWAZ1t7hHSg,,Live Trading NQ Futures | Trading 5 $150k S2F Tradeify Accounts,4789,1:19:49,https://www.youtube.com/watch?v=bWAZ1t7hHSg,live,7,,,,808,0,flat-only
f6M3hzlSsVc,,Live Trading NQ Futures | Trading 5 $150k S2F Tradeify Accounts,3485,0:58:05,https://www.youtube.com/watch?v=f6M3hzlSsVc,live,6,,,,1100,0,flat-only
wUwuPXLJ9jE,,Live Trading NQ Futures | Trading 5 $150k S2F Tradeify Accounts,2781,0:46:21,https://www.youtube.com/watch?v=wUwuPXLJ9jE,live,5,,,,1200,0,flat-only
l9pjzEa_N_g,,Live Trading NQ Futures | Trading 5 $150k S2F Tradeify Accounts,6079,1:41:19,https://www.youtube.com/watch?v=l9pjzEa_N_g,live,4,,,,2300,0,flat-only
42eIOGGzh94,,Live Trading NQ Futures | Trading 5 $150k S2F Tradeify Accounts,4915,1:21:55,https://www.youtube.com/watch?v=42eIOGGzh94,live,3,,,,5600,0,flat-only
NKk5LBhNdcg,,Live Trading NQ Futures,5986,1:39:46,https://www.youtube.com/watch?v=NKk5LBhNdcg,live,2,,,,3500,0,flat-only
-cPK7fAdElA,,Live Trading NQ Futures,3276,0:54:36,https://www.youtube.com/watch?v=-cPK7fAdElA,live,1,,,,3500,0,flat-only
s5u6YZldiWw,,Being a d*ck for a tick  #trading # #forex #crypto,,,https://www.youtube.com/watch?v=s5u6YZldiWw,short,318,,,,14000,0,flat-only
ZkSYReWyyF4,,ICT unicorn model,,,https://www.youtube.com/watch?v=ZkSYReWyyF4,short,317,,,,1500,0,flat-only
jEKvt13OOD8,,+$800 win on NQ longs,,,https://www.youtube.com/watch?v=jEKvt13OOD8,short,316,,,,1300,0,flat-only
Or-ffn7gKsA,,+$650 win on NQ shorts,,,https://www.youtube.com/watch?v=Or-ffn7gKsA,short,315,,,,1200,0,flat-only
JNlexH40CuA,,+$400 win on NQ longs,,,https://www.youtube.com/watch?v=JNlexH40CuA,short,314,,,,1000,0,flat-only
bUsQLWuPEC8,,+$300 win on NQ longs,,,https://www.youtube.com/watch?v=bUsQLWuPEC8,short,313,,,,1400,0,flat-only
XV1gTSoKnak,,+$420 trading NQ,,,https://www.youtube.com/watch?v=XV1gTSoKnak,short,312,,,,828,0,flat-only
hmzEvjf7kdY,,+$800 trading NQ,,,https://www.youtube.com/watch?v=hmzEvjf7kdY,short,311,,,,963,0,flat-only
8v7-r8JxUFk,,+$1200 trading NQ,,,https://www.youtube.com/watch?v=8v7-r8JxUFk,short,310,,,,5600,0,flat-only
DT3_SV_yZmc,,+$400 in 1 min trading NQ,,,https://www.youtube.com/watch?v=DT3_SV_yZmc,short,309,,,,2400,0,flat-only
k0L8PCya1pY,,+$900 in 1 minute trading NQ,,,https://www.youtube.com/watch?v=k0L8PCya1pY,short,308,,,,2200,0,flat-only
Z2YvayIOtng,,+$550 in 1 minute trading NQ,,,https://www.youtube.com/watch?v=Z2YvayIOtng,short,307,,,,1900,0,flat-only
QBQz4_nll1s,,+$350 in 1 minute on NQ,,,https://www.youtube.com/watch?v=QBQz4_nll1s,short,306,,,,3500,0,flat-only
fyOndWu6ybA,,+$650 in 1 minute on NQ,,,https://www.youtube.com/watch?v=fyOndWu6ybA,short,305,,,,5200,0,flat-only
ijLNVRNN8-s,,+$250 in 1 minute trading NQ,,,https://www.youtube.com/watch?v=ijLNVRNN8-s,short,304,,,,854,0,flat-only
V6TW5StqOMY,,+$550 in 1 minute trading NQ,,,https://www.youtube.com/watch?v=V6TW5StqOMY,short,303,,,,1900,0,flat-only
51YOjmAYlFI,,+350 in 1 minute on NQ,,,https://www.youtube.com/watch?v=51YOjmAYlFI,short,302,,,,4500,0,flat-only
shWe07Ycu9w,,+$400 in 1 minute trading NQ,,,https://www.youtube.com/watch?v=shWe07Ycu9w,short,301,,,,1300,0,flat-only
rnt8g-q7f6w,,+$490 in 1 minute trading NQ #trading #scalpingtradingstrategy #tradingstrategy #forex #futures,,,https://www.youtube.com/watch?v=rnt8g-q7f6w,short,300,,,,3100,0,flat-only
007AwTGaclA,,+$850 in 1 minute trading NQ  #futurestrading #trading #scalpingtradingstrategy #forex #daytrading,,,https://www.youtube.com/watch?v=007AwTGaclA,short,299,,,,1600,0,flat-only
vUXZRJU0LcA,,+$400 in 1 minute trading NQ  #trading #scalpingtradingstrategy #tradingstrategy #forex #options,,,https://www.youtube.com/watch?v=vUXZRJU0LcA,short,298,,,,1300,0,flat-only
_Tt8PSQKx5k,,+$600 in 1 minute trading NQ  #futurestrading #trading #scalpingtradingstrategy #forex #forex,,,https://www.youtube.com/watch?v=_Tt8PSQKx5k,short,297,,,,2800,0,flat-only
T3pPio9opcw,,+$340 in 1 minute on NQ,,,https://www.youtube.com/watch?v=T3pPio9opcw,short,296,,,,2500,0,flat-only
8Zd69tl17Ts,,+$360 in 1 minute trading NQ,,,https://www.youtube.com/watch?v=8Zd69tl17Ts,short,295,,,,2000,0,flat-only
-hHbrDfBdMk,,+$410 in 1 minute trading NQ,,,https://www.youtube.com/watch?v=-hHbrDfBdMk,short,294,,,,2500,0,flat-only
G88dGJv9HIw,,+$900 trading #trading,,,https://www.youtube.com/watch?v=G88dGJv9HIw,short,293,,,,2200,0,flat-only
gSGPiAcYfKY,,+$900 trading #Nasdaq #daytrading,,,https://www.youtube.com/watch?v=gSGPiAcYfKY,short,292,,,,2300,0,flat-only
BI9OzdOkBN4,,+$800 trading #Nasdaq #daytrading #futurestrading,,,https://www.youtube.com/watch?v=BI9OzdOkBN4,short,291,,,,2300,0,flat-only
QKvpg_SieOM,,+$1600 in 2 minutes #trading #futurestrading #1miniqoptionstratgy #propfirmtrading #stockmarket,,,https://www.youtube.com/watch?v=QKvpg_SieOM,short,290,,,,1500,0,flat-only
zJcZiij8FYw,,+ $900 on NQ #futurestrading #trading #scalpingtradingstrategybanknifty #investing #propfirmtrading,,,https://www.youtube.com/watch?v=zJcZiij8FYw,short,289,,,,1200,0,flat-only
fulFEtfWI7c,,+$200 on NQ #futurestrading #trading #1miniqoptionstratgy #investing #propfirmtrading #stockmarket,,,https://www.youtube.com/watch?v=fulFEtfWI7c,short,288,,,,2300,0,flat-only
CutAWa3cIOg,,+$1500 USD Trading Prop Firms #tradeify #futurestrading #propfirmtrading #trading,,,https://www.youtube.com/watch?v=CutAWa3cIOg,short,287,,,,1100,0,flat-only
DcXAwNZ1p7I,,BE trade on NQ 😭 #trading #futurestrading #propfirmtrading #scalping,,,https://www.youtube.com/watch?v=DcXAwNZ1p7I,short,286,,,,1400,0,flat-only
hlsmF-riWq4,,+ $1000 USD trading prop firms 🎯 #futurestrading #trading #propfirmtrading #forex,,,https://www.youtube.com/watch?v=hlsmF-riWq4,short,285,,,,1100,0,flat-only
dxOeBjtpwVg,,+ $300 USD trading NQ #trading #propfirmtrading #propfirmtrading #tradeify,,,https://www.youtube.com/watch?v=dxOeBjtpwVg,short,284,,,,1200,0,flat-only
w1YrI6DImHg,,OHLC - What is a candle #trading #futurestrading #forex #technicalanalysis,,,https://www.youtube.com/watch?v=w1YrI6DImHg,short,283,,,,1000,0,flat-only
XG5eMN9zfk0,,+ $600 day trading NQ #tradingstrategy #trading #futurestrading #forex #propfirmtrading #crypto,,,https://www.youtube.com/watch?v=XG5eMN9zfk0,short,282,,,,1000,0,flat-only
F_e9QgtlMBY,,OHLC - Power of 3 concept #trading #propfirmtrading #futurestrading #forex #crypto,,,https://www.youtube.com/watch?v=F_e9QgtlMBY,short,281,,,,831,0,flat-only
3C0cYdEDT-8,,+ $700 USD trading NQ 💯 #trading #futurestrading #propfirmtrading #forex #crypto #stockmarket,,,https://www.youtube.com/watch?v=3C0cYdEDT-8,short,280,,,,834,0,flat-only
yC1v6B2vuYI,,OHLC - Power of 3 concept #trading #propfirmtrading #futurestrading #scalpingtradingstrategy,,,https://www.youtube.com/watch?v=yC1v6B2vuYI,short,279,,,,2000,0,flat-only
ZxXlscOrrGY,,My 80% win rate trading strategy EXPLAINED 😱 #trading #propfirmtrading #futurestrading #propfirm,,,https://www.youtube.com/watch?v=ZxXlscOrrGY,short,278,,,,8000,0,flat-only
qxgalgyW5TU,,OHLC - PO3 concepts #trading #propfirmtrading #futurestrading #technicalanalysis,,,https://www.youtube.com/watch?v=qxgalgyW5TU,short,277,,,,1300,0,flat-only
swFl0uUy6Jw,,87% Win Rate Strategy💯#trading #propfirmtrading #futurestrading #tradingstrategy #technicalanalysis,,,https://www.youtube.com/watch?v=swFl0uUy6Jw,short,276,,,,938,0,flat-only
riPw8yFgH2Y,,OHLC - PO3 #trading #propfirmtrading #futurestrading  #technicalanalysis,,,https://www.youtube.com/watch?v=riPw8yFgH2Y,short,275,,,,993,0,flat-only
TAPvStU05n8,,Best Trading Strategy 📌 #trading #futurestrading #propfirmtrading #crypto #1miniqoptionstratgy #nq,,,https://www.youtube.com/watch?v=TAPvStU05n8,short,274,,,,4300,0,flat-only
Gz2CSQOpDyQ,,The pull back model 🎯 #trading #propfirmtrading #futurestrading #crypto technicalanalysis,,,https://www.youtube.com/watch?v=Gz2CSQOpDyQ,short,273,,,,1100,0,flat-only
SM7EAF5vEnM,,What is a fair value gap ✅ #trading #propfirmtrading #futurestrading #crypto #technicalanalysis,,,https://www.youtube.com/watch?v=SM7EAF5vEnM,short,272,,,,527,0,flat-only
CgpBaCJKuy0,,Breaker block EXPLAINED🦄#technicalanalysis #ictconcepts #propfirm #options #stocks #forex,,,https://www.youtube.com/watch?v=CgpBaCJKuy0,short,271,,,,1000,0,flat-only
rISGHc6clQU,,#trading #propfirmtrading #futurestrading #crypto #technicalanalysis #daytradingforbeginners,,,https://www.youtube.com/watch?v=rISGHc6clQU,short,270,,,,993,0,flat-only
Fqbpg9ol-LM,,IFVG startegy✍🏻 #propfirmtrading #trading #futurestrading #tradeify,,,https://www.youtube.com/watch?v=Fqbpg9ol-LM,short,269,,,,763,0,flat-only
13AkfLBNGwY,,ERL ➡️ IRL #trading #futures #futurestrading #technicalanalysis #nasdaq,,,https://www.youtube.com/watch?v=13AkfLBNGwY,short,268,,,,1300,0,flat-only
e542lbCm-kA,,#trading #propfirmtrading #futurestrading #technicalanalysis #stockmarket,,,https://www.youtube.com/watch?v=e542lbCm-kA,short,267,,,,617,0,flat-only
tPO0B06LCUo,,#technicalanalysis #daytrading #daytradingforbeginners #trading #propfirmtrading #futures,,,https://www.youtube.com/watch?v=tPO0B06LCUo,short,266,,,,1100,0,flat-only
VR1gRh7KduA,,#trading #technicalanalysis #propfirmtrading #futurestrading #futurestrading,,,https://www.youtube.com/watch?v=VR1gRh7KduA,short,265,,,,814,0,flat-only
cmgcSwfoRac,,#trading #technicalanalysis #tradingstrategy #futurestrading #propfirm,,,https://www.youtube.com/watch?v=cmgcSwfoRac,short,264,,,,1000,0,flat-only
wzMg4OYUxcc,,#trading #propfirmtrading #futurestrading #tradeify #tradeifytv #ICT,,,https://www.youtube.com/watch?v=wzMg4OYUxcc,short,263,,,,831,0,flat-only
sZVh90tLBIk,,#trading #propfirmtrading #futurestrading #stockmarket #forex,,,https://www.youtube.com/watch?v=sZVh90tLBIk,short,262,,,,878,0,flat-only
zK1POI7arC0,,#trading #propfirmtrading #futurestrading #forex #stocks,,,https://www.youtube.com/watch?v=zK1POI7arC0,short,261,,,,1000,0,flat-only
QG5-26Bnwow,,#trading #propfirmtrading #futurestrading #stockmarket #forex #livetrading,,,https://www.youtube.com/watch?v=QG5-26Bnwow,short,260,,,,784,0,flat-only
I-eRn_wQcvw,,#trading #propfirmtrading #futurestrading #stockmarket #1miniqoptionstratgy,,,https://www.youtube.com/watch?v=I-eRn_wQcvw,short,259,,,,964,0,flat-only
jcztbAIzvnU,,#trading #propfirmtrading #technicalanalysis #stocks #futurestrading #daytrading #scalpingstrategy,,,https://www.youtube.com/watch?v=jcztbAIzvnU,short,258,,,,834,0,flat-only
8qx2AuwH-HU,,Live trade 💯 #trading #propfirmtrading #futurestrading #technicalanalysis #tradeify #daytrading,,,https://www.youtube.com/watch?v=8qx2AuwH-HU,short,257,,,,1900,0,flat-only
sm2N0D65D04,,LIVE wins on Tradeify TV 📺 #trading #propfirmtrading #futurestrading #tradeify #technicalanalysis,,,https://www.youtube.com/watch?v=sm2N0D65D04,short,256,,,,3200,0,flat-only
U81wDpeFqUk,,+$1500 on NQ ✍🏻 #trading #futurestrading #technicalanalysis #daytrading #propfirmtrading,,,https://www.youtube.com/watch?v=U81wDpeFqUk,short,255,,,,1000,0,flat-only
QH5m0w43ies,,Backtesting session 💯#trading #propfirmtrading #futurestrading #technicalanalysis #tradingstrategy,,,https://www.youtube.com/watch?v=QH5m0w43ies,short,254,,,,811,0,flat-only
WUqzMvdyqh4,,LIVE Trading on YT ✅ #trading #propfirmtrading #daytrading  #technicalanalysis #tradeify #ict,,,https://www.youtube.com/watch?v=WUqzMvdyqh4,short,253,,,,846,0,flat-only
30Ss8L1j2NI,,Scalping strategy 🎯#trading #propfirmtrading #futurestrading #technicalanalysis #tradingstrategy,,,https://www.youtube.com/watch?v=30Ss8L1j2NI,short,252,,,,1100,0,flat-only
fNsLB7HqeMg,,Scalping strategy explained ✅ #trading #scalpingstrategy #technicalanalysis #futurestrading,,,https://www.youtube.com/watch?v=fNsLB7HqeMg,short,251,,,,891,0,flat-only
gMpydYzUUZQ,,- $3000 across 5x Tradeify accounts #trading #propfirmtrading #futurestrading #futures #scalping,,,https://www.youtube.com/watch?v=gMpydYzUUZQ,short,250,,,,1000,0,flat-only
FvVeYTC3q_0,,V signature IFVG 🎯#trading #propfirmtrading #futurestrading #scalpingstrategy #technicalanalysis,,,https://www.youtube.com/watch?v=FvVeYTC3q_0,short,249,,,,993,0,flat-only
HzpkIDic4gY,,A+ IFVG strategy ✅ #trading #strategy #technicalanalysis #futurestrading #propfirmtrading #stocks,,,https://www.youtube.com/watch?v=HzpkIDic4gY,short,248,,,,1300,0,flat-only
6443po6syIs,,Scalping model 📌#trading #scalpingstrategy #technicalanalysis #daytrading #forex,,,https://www.youtube.com/watch?v=6443po6syIs,short,247,,,,1000,0,flat-only
LAwrmwkgAk4,,Scalping NQ 🫆 #trading #technicalanalysis  #scalpingstrategy #daytrading #futures,,,https://www.youtube.com/watch?v=LAwrmwkgAk4,short,246,,,,977,0,flat-only
G9gy8T72OBc,,Scalping NQ 🧵 #trading #technicalanalysis #scalpingstrategy #futures #options,,,https://www.youtube.com/watch?v=G9gy8T72OBc,short,245,,,,887,0,flat-only
WIGo3AWrtX4,,Best entry confirmation ✍🏻 #trading #scalpingstrategy #technicalanalysis #futures #forextrading,,,https://www.youtube.com/watch?v=WIGo3AWrtX4,short,244,,,,970,0,flat-only
NaT3bQvrucw,,Trading Strategy 🔥,,,https://www.youtube.com/watch?v=NaT3bQvrucw,short,243,,,,1200,0,flat-only
ZbMHl_gTYf0,,Simple scalping tips ✍🏻,,,https://www.youtube.com/watch?v=ZbMHl_gTYf0,short,242,,,,1000,0,flat-only
P__vwO0oq9Y,,Inversion fair value gap 😍,,,https://www.youtube.com/watch?v=P__vwO0oq9Y,short,241,,,,976,0,flat-only
pVRcNSMwBT4,,Trade recap 🍀,,,https://www.youtube.com/watch?v=pVRcNSMwBT4,short,240,,,,866,0,flat-only
QAyyouAn26I,,80% Win Rate Strategy 🥶,,,https://www.youtube.com/watch?v=QAyyouAn26I,short,239,,,,1300,0,flat-only
6xPEtuegGXM,,Easy Money Scalping 💰,,,https://www.youtube.com/watch?v=6xPEtuegGXM,short,238,,,,1000,0,flat-only
zJwON9b51iM,,TP hit in 3 minutes 🤫,,,https://www.youtube.com/watch?v=zJwON9b51iM,short,237,,,,1400,0,flat-only
LmkVxWqh9qk,,Easy money scalping 🥱,,,https://www.youtube.com/watch?v=LmkVxWqh9qk,short,236,,,,910,0,flat-only
KWUzUyHCblM,,"+$5,800 trading NQ 👻",,,https://www.youtube.com/watch?v=KWUzUyHCblM,short,235,,,,1000,0,flat-only
fmclveK0Xqw,,A+ Trading Setup 🧠,,,https://www.youtube.com/watch?v=fmclveK0Xqw,short,234,,,,2000,0,flat-only
jdoT41yT78I,,P&L for the month💰,,,https://www.youtube.com/watch?v=jdoT41yT78I,short,233,,,,860,0,flat-only
hqHBD8qMtuA,,"Scalping made me $23,000 💯",,,https://www.youtube.com/watch?v=hqHBD8qMtuA,short,232,,,,1700,0,flat-only
nN1LUdB-5R8,,+$680 Day Trading Futures 😱,,,https://www.youtube.com/watch?v=nN1LUdB-5R8,short,231,,,,7700,0,flat-only
tjJ_zMPwWZg,,"+$3,000 on $NQ 🤩",,,https://www.youtube.com/watch?v=tjJ_zMPwWZg,short,230,,,,1300,0,flat-only
rfHg6Ozg7Ks,,"Bagged $3,000 scalping NQ 🥱",,,https://www.youtube.com/watch?v=rfHg6Ozg7Ks,short,229,,,,1500,0,flat-only
PtYv29Dvk8U,,Quick Scalps are the Best ✅,,,https://www.youtube.com/watch?v=PtYv29Dvk8U,short,228,,,,1300,0,flat-only
5i2yUXz8lX8,,"+$3,700 Trading my strategy 🧲",,,https://www.youtube.com/watch?v=5i2yUXz8lX8,short,227,,,,1100,0,flat-only
8AbruPsROYM,,"+$3,900 USD Day Trading 🎯",,,https://www.youtube.com/watch?v=8AbruPsROYM,short,226,,,,1500,0,flat-only
59SHSxs6yYM,,"LOST $3,000 in 1 second😭",,,https://www.youtube.com/watch?v=59SHSxs6yYM,short,225,,,,2000,0,flat-only
v8p-CyAnpIQ,,Scalping 15 handles Everyday🧲,,,https://www.youtube.com/watch?v=v8p-CyAnpIQ,short,224,,,,3200,0,flat-only
dLYmlapjMKc,,Scalping Strategy goes CRAZY🔥,,,https://www.youtube.com/watch?v=dLYmlapjMKc,short,223,,,,783,0,flat-only
FIXh3f28dL0,,Scalping IFVG’s with a 1:1 RR 🧠,,,https://www.youtube.com/watch?v=FIXh3f28dL0,short,222,,,,9000,0,flat-only
VMcjx_Etxko,,1 Minute Scalping Strategy 🎯,,,https://www.youtube.com/watch?v=VMcjx_Etxko,short,221,,,,1600,0,flat-only
p36G5qTUYD4,,Top 5 scalping setups of the week🧵,,,https://www.youtube.com/watch?v=p36G5qTUYD4,short,220,,,,1000,0,flat-only
dsaidSKfjOw,,Simple Trading Strategy 💯,,,https://www.youtube.com/watch?v=dsaidSKfjOw,short,219,,,,1500,0,flat-only
g1Oh2sgg__M,,"Right plan, right results ✍🏻",,,https://www.youtube.com/watch?v=g1Oh2sgg__M,short,218,,,,1200,0,flat-only
zY1WO56Qo4s,,Trading is simple 👀,,,https://www.youtube.com/watch?v=zY1WO56Qo4s,short,217,,,,1100,0,flat-only
pzKVhCCfmaM,,Sniper entries 🧲,,,https://www.youtube.com/watch?v=pzKVhCCfmaM,short,216,,,,1000,0,flat-only
F973E8PRcN0,,A+ ICT model 🧲,,,https://www.youtube.com/watch?v=F973E8PRcN0,short,215,,,,1000,0,flat-only
b-tQjv3TvB4,,VIP Discord went CRAZY 😱,,,https://www.youtube.com/watch?v=b-tQjv3TvB4,short,214,,,,609,0,flat-only
WTzkkcmgDQI,,The Secret ICT Trading Strategy,,,https://www.youtube.com/watch?v=WTzkkcmgDQI,short,213,,,,1000,0,flat-only
dq4Fh-rEpmw,,Best ICT scalper BANKS 🔥,,,https://www.youtube.com/watch?v=dq4Fh-rEpmw,short,212,,,,1000,0,flat-only
PlmrEgi0nPM,,High Win Rate Scalping ICT 🕶️,,,https://www.youtube.com/watch?v=PlmrEgi0nPM,short,211,,,,1000,0,flat-only
ScdS0Hp09WM,,VIP Discord on fire 🔥,,,https://www.youtube.com/watch?v=ScdS0Hp09WM,short,210,,,,851,0,flat-only
v9JR9k7JW0o,,ICT’s BEST strategy 🎩,,,https://www.youtube.com/watch?v=v9JR9k7JW0o,short,209,,,,1200,0,flat-only
vngf6xZKclU,,W’s in the CHAT 🔥🤩,,,https://www.youtube.com/watch?v=vngf6xZKclU,short,208,,,,1500,0,flat-only
J8AltyNYKNI,,Trading is about TIME ⌚️,,,https://www.youtube.com/watch?v=J8AltyNYKNI,short,207,,,,1100,0,flat-only
XGXyJfX3MAI,,Win STREAK on NQ🔥,,,https://www.youtube.com/watch?v=XGXyJfX3MAI,short,206,,,,815,0,flat-only
klM_CIIsP4U,,ICT Trading strategy 🔥,,,https://www.youtube.com/watch?v=klM_CIIsP4U,short,205,,,,1200,0,flat-only
Hfql4JNip-o,,Fair Value gap model 💯✍🏻,,,https://www.youtube.com/watch?v=Hfql4JNip-o,short,204,,,,1200,0,flat-only
HUBBJNY5lzs,,Best trade setups of the week 🤑,,,https://www.youtube.com/watch?v=HUBBJNY5lzs,short,203,,,,1700,0,flat-only
s2GFiIuC7ls,,Trading is simple 🤫,,,https://www.youtube.com/watch?v=s2GFiIuC7ls,short,202,,,,1700,0,flat-only
R9HJqx-11NM,,Make trading simple 🧠,,,https://www.youtube.com/watch?v=R9HJqx-11NM,short,201,,,,1400,0,flat-only
Ji6N9JdnTEI,,Unfilled FVG Strategy 🥶,,,https://www.youtube.com/watch?v=Ji6N9JdnTEI,short,200,,,,2900,0,flat-only
iOkyxSvNZGo,,"Scalping NQ only, stop trading FOREX 🤩",,,https://www.youtube.com/watch?v=iOkyxSvNZGo,short,199,,,,1400,0,flat-only
mcoYEk3I0Wo,,Scalping 15 handles everyday 💎,,,https://www.youtube.com/watch?v=mcoYEk3I0Wo,short,198,,,,1300,0,flat-only
Sl4m-5XniRk,,Money printing strategy 🤑,,,https://www.youtube.com/watch?v=Sl4m-5XniRk,short,197,,,,1100,0,flat-only
qyog8ZXwRew,,A+ trading setup 👾,,,https://www.youtube.com/watch?v=qyog8ZXwRew,short,196,,,,1100,0,flat-only
Sk4HO9ZvA5U,,Daily Trade Recap 😈,,,https://www.youtube.com/watch?v=Sk4HO9ZvA5U,short,195,,,,1300,0,flat-only
X2wniu93EjA,,"Trader Makes $6,125 in 5 minutes🤑 #trading #scalping #futurestrading #viral #options #stocks",,,https://www.youtube.com/watch?v=X2wniu93EjA,short,194,,,,1400,0,flat-only
nLz9KqtACm0,,"Trader Makes $4,500 in 2 minutes🤩 #trading #scalping #propfirmtrading #livetrading #viral",,,https://www.youtube.com/watch?v=nLz9KqtACm0,short,193,,,,1800,0,flat-only
TsgBzHigMns,,"Trader Makes $5,500 in 2 minutes 🤑 #trading #futurestrading #daytrading #trader #options",,,https://www.youtube.com/watch?v=TsgBzHigMns,short,192,,,,9600,0,flat-only
rKBNn7B-a3A,,"+$3,250 copy trading 5 accounts 🔥 #trading #futurestrading #scalping #options #daytrading #trader",,,https://www.youtube.com/watch?v=rKBNn7B-a3A,short,191,,,,3400,0,flat-only
qF20a4_Iexg,,Best setups of the week 😈,,,https://www.youtube.com/watch?v=qF20a4_Iexg,short,190,,,,2200,0,flat-only
d3J8zHn3L_E,,"Trader makes $4,935 in 4 minutes 🤑  #trading #futurestrading #daytrading #trader #options",,,https://www.youtube.com/watch?v=d3J8zHn3L_E,short,189,,,,2500,0,flat-only
BrYAAYNasP0,,#1 scalping strategy  🤑 #trading #futurestrading #daytrading #trader #options #stocks,,,https://www.youtube.com/watch?v=BrYAAYNasP0,short,188,,,,2200,0,flat-only
VCiwwb_MWWE,,The problem in the trading space 🛸 #trading #futurestrading #daytrading #trader #options,,,https://www.youtube.com/watch?v=VCiwwb_MWWE,short,187,,,,1000,0,flat-only
ny5IzCR4Pas,,Best trades of the day 🥶 #trading #futures #options #stocks #forex #daytrader,,,https://www.youtube.com/watch?v=ny5IzCR4Pas,short,186,,,,1300,0,flat-only
r58Zwp78sWA,,Breaker block trade 🦋#trading #stockmarket #daytrader #options,,,https://www.youtube.com/watch?v=r58Zwp78sWA,short,185,,,,1500,0,flat-only
n8OERmym4hM,,One strategy for life 👩‍🎤 #trading #futures #daytrader #crypto #forex #options,,,https://www.youtube.com/watch?v=n8OERmym4hM,short,184,,,,1900,0,flat-only
rVU4aVcbI6I,,"Trader makes $3,500 in 2 minutes 😎 #trading #daytrader #futures #optionstrading #stocks #viral",,,https://www.youtube.com/watch?v=rVU4aVcbI6I,short,183,,,,3900,0,flat-only
zXpzqiNksDE,,15 minute is the best timeframe 😈,,,https://www.youtube.com/watch?v=zXpzqiNksDE,short,182,,,,2600,0,flat-only
VJ4T6OfpivY,,One strategy for life🫡,,,https://www.youtube.com/watch?v=VJ4T6OfpivY,short,181,,,,815,0,flat-only
1rss-Mb9RvI,,Be proud of yourself 🫱🏻‍🫲🏼,,,https://www.youtube.com/watch?v=1rss-Mb9RvI,short,180,,,,1600,0,flat-only
nljJam-jq1k,,Scalping is about timing ⚡️,,,https://www.youtube.com/watch?v=nljJam-jq1k,short,179,,,,1500,0,flat-only
OhAd6BeTK9c,,Patience is key 🔑,,,https://www.youtube.com/watch?v=OhAd6BeTK9c,short,178,,,,1600,0,flat-only
zyXZMCLU0JQ,,"Made +$4,840 in 10 minutes 🥶 #trading #daytrading #futures #options #stocks #crypto #livetrading",,,https://www.youtube.com/watch?v=zyXZMCLU0JQ,short,177,,,,7200,0,flat-only
rbyOfhd38mQ,,Best trades of the day 🦋,,,https://www.youtube.com/watch?v=rbyOfhd38mQ,short,176,,,,2200,0,flat-only
s_mvHDZmmSU,,Best trading setup 😇,,,https://www.youtube.com/watch?v=s_mvHDZmmSU,short,175,,,,2600,0,flat-only
2BF4U3rer14,,"Made +$6,200 in 5 min #trading #daytrading #futures #options #forex #crypto #viral",,,https://www.youtube.com/watch?v=2BF4U3rer14,short,174,,,,6600,0,flat-only
_lY1S45h87I,,Trading recap 😮‍💨,,,https://www.youtube.com/watch?v=_lY1S45h87I,short,173,,,,2700,0,flat-only
IzRBYyXOWoY,,Aggressive buyers 🐍,,,https://www.youtube.com/watch?v=IzRBYyXOWoY,short,172,,,,2900,0,flat-only
lxeHyGz9jHA,,Beautiful setup 🔥,,,https://www.youtube.com/watch?v=lxeHyGz9jHA,short,171,,,,2900,0,flat-only
F3LAMIlqz74,,Scalping opportunity 😇,,,https://www.youtube.com/watch?v=F3LAMIlqz74,short,170,,,,2900,0,flat-only
0XpWnG7O2yQ,,"$15,000 payout request ✅",,,https://www.youtube.com/watch?v=0XpWnG7O2yQ,short,169,,,,2600,0,flat-only
bXiaPmEHu-Q,,Trading Strategy Explained ✍🏻,,,https://www.youtube.com/watch?v=bXiaPmEHu-Q,short,168,,,,2900,0,flat-only
LzfxlJKzAdU,,Easy money trades 🔥,,,https://www.youtube.com/watch?v=LzfxlJKzAdU,short,167,,,,3200,0,flat-only
4WNtdniV808,,Trading Entry Models 🔥,,,https://www.youtube.com/watch?v=4WNtdniV808,short,166,,,,3200,0,flat-only
_xuEPdDnGJI,,"+$2,500 scalping NQ 💰",,,https://www.youtube.com/watch?v=_xuEPdDnGJI,short,165,,,,4700,0,flat-only
6pERV5HpU2Y,,"15,000 payout request 💰",,,https://www.youtube.com/watch?v=6pERV5HpU2Y,short,164,,,,2600,0,flat-only
HorJE4Ie3Fw,,Psychology of prop firms 🧠,,,https://www.youtube.com/watch?v=HorJE4Ie3Fw,short,163,,,,3300,0,flat-only
bMpHByQ8RAM,,NQ strategy goes crazy 💰💰,,,https://www.youtube.com/watch?v=bMpHByQ8RAM,short,162,,,,21000,0,flat-only
Dna_cz6-iBo,,Reversal strategy ⚡️,,,https://www.youtube.com/watch?v=Dna_cz6-iBo,short,161,,,,5300,0,flat-only
aHBzyv7ASdI,,I was so lost 😭🥀,,,https://www.youtube.com/watch?v=aHBzyv7ASdI,short,160,,,,9900,0,flat-only
DU1aLyLCF14,,They don’t know 🥀 #daytrading,,,https://www.youtube.com/watch?v=DU1aLyLCF14,short,159,,,,4400,0,flat-only
YH8-n1MyELU,,This PA is ahhh 😭🥀 #trading,,,https://www.youtube.com/watch?v=YH8-n1MyELU,short,158,,,,7500,0,flat-only
hRMUucnwyVc,,I only know TradingView ✍🏻 #trading,,,https://www.youtube.com/watch?v=hRMUucnwyVc,short,157,,,,5900,0,flat-only
P2kV3s4dk0Q,,Beautiful trade 💯 #daytrading #trading,,,https://www.youtube.com/watch?v=P2kV3s4dk0Q,short,156,,,,136000,0,flat-only
sEan574XvT4,,It worked… #daytrading,,,https://www.youtube.com/watch?v=sEan574XvT4,short,155,,,,3800,0,flat-only
5D7FGd7EXak,,"+$5,800 in 5 minutes ✅ #trading #daytrading",,,https://www.youtube.com/watch?v=5D7FGd7EXak,short,154,,,,78000,0,flat-only
_IaaKeZtEQs,,Let’s test your trading skills 📈 #trading #daytrading,,,https://www.youtube.com/watch?v=_IaaKeZtEQs,short,153,,,,7400,0,flat-only
tAVWeYUL0dU,,Silver bullet strategy ♟️#trading #daytrading #tradingstrategy,,,https://www.youtube.com/watch?v=tAVWeYUL0dU,short,152,,,,4300,0,flat-only
o7QF7NVgT0g,,ES Trade 🍀 #daytrading #trading,,,https://www.youtube.com/watch?v=o7QF7NVgT0g,short,151,,,,23000,0,flat-only
FhHdkoUjpUQ,,Best ICT Strategy 🍀,,,https://www.youtube.com/watch?v=FhHdkoUjpUQ,short,150,,,,5300,0,flat-only
Vj73YxRYef8,,"+$5,000 trading ES #trading #daytrading",,,https://www.youtube.com/watch?v=Vj73YxRYef8,short,149,,,,1000000,0,flat-only
9Urerk2qEfc,,Best entry model 🔧#trading #daytrading,,,https://www.youtube.com/watch?v=9Urerk2qEfc,short,148,,,,5600,0,flat-only
T28BfGp0Gm0,,15 pips per day ❄️ #trading #daytrading,,,https://www.youtube.com/watch?v=T28BfGp0Gm0,short,147,,,,53000,0,flat-only
pHo7OmErLHo,,Why you’re still unprofitable 💔 #trading #daytrading,,,https://www.youtube.com/watch?v=pHo7OmErLHo,short,146,,,,41000,0,flat-only
vAoZ8Gw8dkQ,,"+$5,500 in 10 minutes #trading #daytrading",,,https://www.youtube.com/watch?v=vAoZ8Gw8dkQ,short,145,,,,46000,0,flat-only
AKVmLl3EaF4,,How to use FIB levels correctly 💎,,,https://www.youtube.com/watch?v=AKVmLl3EaF4,short,144,,,,11000,0,flat-only
_GeDa_w1Hvw,,Why I have a 72% Win Rate,,,https://www.youtube.com/watch?v=_GeDa_w1Hvw,short,143,,,,26000,0,flat-only
bTt3WMDq56E,,Let’s test your trading skills,,,https://www.youtube.com/watch?v=bTt3WMDq56E,short,142,,,,17000,0,flat-only
KqcJ_q-_S6w,,How to find your bias,,,https://www.youtube.com/watch?v=KqcJ_q-_S6w,short,141,,,,10000,0,flat-only
Z_gruxe73Ho,,W’s in the chat 🙌🏻,,,https://www.youtube.com/watch?v=Z_gruxe73Ho,short,140,,,,6200,0,flat-only
f45NHZL5b68,,W or L trade? #explore #trading #viral,,,https://www.youtube.com/watch?v=f45NHZL5b68,short,139,,,,67000,0,flat-only
J-XLPoDSe70,,Why your FVG fail 💔,,,https://www.youtube.com/watch?v=J-XLPoDSe70,short,138,,,,10000,0,flat-only
KgwCbLkYMhY,,High vs low probability trade,,,https://www.youtube.com/watch?v=KgwCbLkYMhY,short,137,,,,39000,0,flat-only
i_-8e8pPNps,,Best trading indicators 😱,,,https://www.youtube.com/watch?v=i_-8e8pPNps,short,136,,,,15000,0,flat-only
xmtGiAc1VKM,,Premium vs Discount,,,https://www.youtube.com/watch?v=xmtGiAc1VKM,short,135,,,,28000,0,flat-only
BgIhyb3PKAs,,My 78% Win Rate Trading Strategy,,,https://www.youtube.com/watch?v=BgIhyb3PKAs,short,134,,,,158000,0,flat-only
gJXj7_U6sXU,,Long or Short?,,,https://www.youtube.com/watch?v=gJXj7_U6sXU,short,133,,,,41000,0,flat-only
qgFuVnQ1d1k,,W or L? #trading #viral,,,https://www.youtube.com/watch?v=qgFuVnQ1d1k,short,132,,,,192000,0,flat-only
vqPGnTYJWVk,,Fair Value Gap Strategy EXPLAINED…,,,https://www.youtube.com/watch?v=vqPGnTYJWVk,short,131,,,,490000,0,flat-only
riyxtzrmsWo,,W or L trade? #explore #trading #viral,,,https://www.youtube.com/watch?v=riyxtzrmsWo,short,130,,,,158000,0,flat-only
v2gqB2oUwwY,,W or L trade? #explore #trading #viral,,,https://www.youtube.com/watch?v=v2gqB2oUwwY,short,129,,,,105000,0,flat-only
S1G0aERjbVc,,W or L trade? #explore #trading #viral,,,https://www.youtube.com/watch?v=S1G0aERjbVc,short,128,,,,68000,0,flat-only
dTHsL8q22-4,,Po3 + iFVG is INSANE…,,,https://www.youtube.com/watch?v=dTHsL8q22-4,short,127,,,,155000,0,flat-only
ulFne2JHCGw,,Daily Po3 Strategy EXPLAINED…,,,https://www.youtube.com/watch?v=ulFne2JHCGw,short,126,,,,64000,0,flat-only
ycWiKwmViDs,,W or L trade?,,,https://www.youtube.com/watch?v=ycWiKwmViDs,short,125,,,,289000,0,flat-only
oero76Of4yM,,W or L trade?,,,https://www.youtube.com/watch?v=oero76Of4yM,short,124,,,,75000,0,flat-only
CLoNorWpRpU,,Trendline liquidity EXPLAINED…,,,https://www.youtube.com/watch?v=CLoNorWpRpU,short,123,,,,204000,0,flat-only
-vO9ojX1JoA,,W or L trade?,,,https://www.youtube.com/watch?v=-vO9ojX1JoA,short,122,,,,98000,0,flat-only
kBfmPPDA5ik,,W or L trade?,,,https://www.youtube.com/watch?v=kBfmPPDA5ik,short,121,,,,668000,0,flat-only
U1Ph9Aqlb5c,,W or L trade?,,,https://www.youtube.com/watch?v=U1Ph9Aqlb5c,short,120,,,,742000,0,flat-only
-uMqiw3pbsM,,W or L trade?,,,https://www.youtube.com/watch?v=-uMqiw3pbsM,short,119,,,,574000,0,flat-only
5zkJMfFiCWU,,Standard Deviation EXPLAINED…,,,https://www.youtube.com/watch?v=5zkJMfFiCWU,short,118,,,,26000,0,flat-only
D41BTPzeL7Q,,W or L trade?,,,https://www.youtube.com/watch?v=D41BTPzeL7Q,short,117,,,,55000,0,flat-only
Hty7-tjlBLY,,W or L trade?,,,https://www.youtube.com/watch?v=Hty7-tjlBLY,short,116,,,,45000,0,flat-only
vzDa6G6hgw0,,PD Arrays EXPLAINED…,,,https://www.youtube.com/watch?v=vzDa6G6hgw0,short,115,,,,30000,0,flat-only
LltbuEsJxSg,,W or L trade?,,,https://www.youtube.com/watch?v=LltbuEsJxSg,short,114,,,,45000,0,flat-only
PIACWYpFTZQ,,$10K payout REQUESTED…,,,https://www.youtube.com/watch?v=PIACWYpFTZQ,short,113,,,,18000,0,flat-only
T8Ah0Dd9h04,,W or L trade?,,,https://www.youtube.com/watch?v=T8Ah0Dd9h04,short,112,,,,97000,0,flat-only
JH8obRvLkhs,,Let’s test your trading SKILLS…,,,https://www.youtube.com/watch?v=JH8obRvLkhs,short,111,,,,34000,0,flat-only
DFkTLwNm98g,,Unfilled FVG + iFVG EXPLAINED…,,,https://www.youtube.com/watch?v=DFkTLwNm98g,short,110,,,,65000,0,flat-only
jt5InwpV42s,,W or L trade?,,,https://www.youtube.com/watch?v=jt5InwpV42s,short,109,,,,616000,0,flat-only
YxCGsMws3ug,,Stop trading INDICATORS…,,,https://www.youtube.com/watch?v=YxCGsMws3ug,short,108,,,,33000,0,flat-only
00dkv6Ittas,,W or L trade?,,,https://www.youtube.com/watch?v=00dkv6Ittas,short,107,,,,31000,0,flat-only
83BBbTg867E,,W or L trade?,,,https://www.youtube.com/watch?v=83BBbTg867E,short,106,,,,217000,0,flat-only
2nkr8mGkm6c,,W or L trade?,,,https://www.youtube.com/watch?v=2nkr8mGkm6c,short,105,,,,37000,0,flat-only
s-Y5txgbcBc,,The best scalping STRATEGY…,,,https://www.youtube.com/watch?v=s-Y5txgbcBc,short,104,,,,104000,0,flat-only
L1k6MCQEXWY,,Let’s test your trading SKILLS…,,,https://www.youtube.com/watch?v=L1k6MCQEXWY,short,103,,,,42000,0,flat-only
Gi3gVqUPMSk,,W or L trade?,,,https://www.youtube.com/watch?v=Gi3gVqUPMSk,short,102,,,,116000,0,flat-only
8PyjB5MyNes,,W or L trade?,,,https://www.youtube.com/watch?v=8PyjB5MyNes,short,101,,,,331000,0,flat-only
PDNF-dOYWNo,,W or L trade?,,,https://www.youtube.com/watch?v=PDNF-dOYWNo,short,100,,,,40000,0,flat-only
kNttt-QQQ5k,,How to trade iFVG’s CORRECTLY…,,,https://www.youtube.com/watch?v=kNttt-QQQ5k,short,99,,,,53000,0,flat-only
EWLCz5mPiT0,,"$12,500 Prop Firm PAYOUT request…",,,https://www.youtube.com/watch?v=EWLCz5mPiT0,short,98,,,,16000,0,flat-only
_YaNGb1jh1I,,Po3 + iFVG EXPLAINED…,,,https://www.youtube.com/watch?v=_YaNGb1jh1I,short,97,,,,103000,0,flat-only
ghkfTPrfq68,,W or L trade?,,,https://www.youtube.com/watch?v=ghkfTPrfq68,short,96,,,,784000,0,flat-only
nuT56Hs8M1k,,Po3 + iFVG is INSANE…,,,https://www.youtube.com/watch?v=nuT56Hs8M1k,short,95,,,,35000,0,flat-only
Ob-zmOWS6Ic,,W or L trade?,,,https://www.youtube.com/watch?v=Ob-zmOWS6Ic,short,94,,,,72000,0,flat-only
MbcaUNBF27k,,W or L trade?,,,https://www.youtube.com/watch?v=MbcaUNBF27k,short,93,,,,26000,0,flat-only
rYy24koamXY,,W or L trade?,,,https://www.youtube.com/watch?v=rYy24koamXY,short,92,,,,12000,0,flat-only
LMchcFDAAW4,,W or L trade?,,,https://www.youtube.com/watch?v=LMchcFDAAW4,short,91,,,,44000,0,flat-only
YAppounlGOI,,W or L trade?,,,https://www.youtube.com/watch?v=YAppounlGOI,short,90,,,,136000,0,flat-only
vvxDG2AUILo,,W or L trade?,,,https://www.youtube.com/watch?v=vvxDG2AUILo,short,89,,,,39000,0,flat-only
Tr-gIgzL4Yc,,"$9,400 payout SECURED…",,,https://www.youtube.com/watch?v=Tr-gIgzL4Yc,short,88,,,,11000,0,flat-only
MMOLyZBK9yc,,W or L trade?,,,https://www.youtube.com/watch?v=MMOLyZBK9yc,short,87,,,,31000,0,flat-only
ynmhEyvm6-Y,,Best 1:1 RR setups of the week…,,,https://www.youtube.com/watch?v=ynmhEyvm6-Y,short,86,,,,9800,0,flat-only
tvQ8Ho5an9A,,W or L trade?,,,https://www.youtube.com/watch?v=tvQ8Ho5an9A,short,85,,,,22000,0,flat-only
jFgG7ltHiwE,,W or L trade?,,,https://www.youtube.com/watch?v=jFgG7ltHiwE,short,84,,,,231000,0,flat-only
4un2dFUDLSI,,W or L trade?,,,https://www.youtube.com/watch?v=4un2dFUDLSI,short,83,,,,65000,0,flat-only
wCHJaaHsSnE,,Po3 + iFVG EXPLAINED…,,,https://www.youtube.com/watch?v=wCHJaaHsSnE,short,82,,,,9400,0,flat-only
aCFwQfrAZC8,,Best trading INDICATORS…,,,https://www.youtube.com/watch?v=aCFwQfrAZC8,short,81,,,,25000,0,flat-only
VDo_-EZPQ1Y,,Unfilled FVG strategy EXPLAINED…,,,https://www.youtube.com/watch?v=VDo_-EZPQ1Y,short,80,,,,10000,0,flat-only
UHQSPJHIX4g,,W or L trade?,,,https://www.youtube.com/watch?v=UHQSPJHIX4g,short,79,,,,44000,0,flat-only
64yqlUX2WsI,,W or L trade?,,,https://www.youtube.com/watch?v=64yqlUX2WsI,short,78,,,,29000,0,flat-only
HOv-SVuwWaE,,W or L trade?,,,https://www.youtube.com/watch?v=HOv-SVuwWaE,short,77,,,,267000,0,flat-only
hArTGdXOWJ8,,W or L trade?,,,https://www.youtube.com/watch?v=hArTGdXOWJ8,short,76,,,,33000,0,flat-only
xhgakGaqlFs,,W or L trade?,,,https://www.youtube.com/watch?v=xhgakGaqlFs,short,75,,,,37000,0,flat-only
jvNfcC1xX9w,,W or L trade?,,,https://www.youtube.com/watch?v=jvNfcC1xX9w,short,74,,,,130000,0,flat-only
rIMf1kHwDrg,,W or L trade?,,,https://www.youtube.com/watch?v=rIMf1kHwDrg,short,73,,,,226000,0,flat-only
-bxHygS8xcA,,W or L trade?,,,https://www.youtube.com/watch?v=-bxHygS8xcA,short,72,,,,41000,0,flat-only
InP9LSABNVY,,W or L trade?,,,https://www.youtube.com/watch?v=InP9LSABNVY,short,71,,,,50000,0,flat-only
9gGRL8RZPf8,,W or L trade?,,,https://www.youtube.com/watch?v=9gGRL8RZPf8,short,70,,,,233000,0,flat-only
ZPWfkF62Qno,,W or L trade?,,,https://www.youtube.com/watch?v=ZPWfkF62Qno,short,69,,,,27000,0,flat-only
AofW52mel6I,,W or L trade?,,,https://www.youtube.com/watch?v=AofW52mel6I,short,68,,,,108000,0,flat-only
sNMjbt80s7w,,W or L trade?,,,https://www.youtube.com/watch?v=sNMjbt80s7w,short,67,,,,237000,0,flat-only
CAhe4Vn5Wqs,,W or L trade?,,,https://www.youtube.com/watch?v=CAhe4Vn5Wqs,short,66,,,,115000,0,flat-only
Xr04YDyrUNY,,Po3 + iFVG EXPLAINED…,,,https://www.youtube.com/watch?v=Xr04YDyrUNY,short,65,,,,61000,0,flat-only
-_GY9RrSS9A,,W or L trade?,,,https://www.youtube.com/watch?v=-_GY9RrSS9A,short,64,,,,83000,0,flat-only
ESsva1eU3bY,,Unfilled FVG + iFVG EXPLAINED…,,,https://www.youtube.com/watch?v=ESsva1eU3bY,short,63,,,,13000,0,flat-only
BZP6kuOlWMA,,W or L trade?,,,https://www.youtube.com/watch?v=BZP6kuOlWMA,short,62,,,,221000,0,flat-only
JR0YG0odzV8,,W or L trade?,,,https://www.youtube.com/watch?v=JR0YG0odzV8,short,61,,,,222000,0,flat-only
JlqSKL71K0g,,W or L trade?,,,https://www.youtube.com/watch?v=JlqSKL71K0g,short,60,,,,75000,0,flat-only
RsorOxeXFHM,,W or L trade?,,,https://www.youtube.com/watch?v=RsorOxeXFHM,short,59,,,,41000,0,flat-only
2XjbWTS8600,,W or L trade?,,,https://www.youtube.com/watch?v=2XjbWTS8600,short,58,,,,24000,0,flat-only
vLmOKvoYQxc,,Ranking trading indicators…,,,https://www.youtube.com/watch?v=vLmOKvoYQxc,short,57,,,,11000,0,flat-only
Oo-2PkLo-k4,,W or L trade?,,,https://www.youtube.com/watch?v=Oo-2PkLo-k4,short,56,,,,66000,0,flat-only
q5nxtooAfbc,,W or L trade?,,,https://www.youtube.com/watch?v=q5nxtooAfbc,short,55,,,,11000,0,flat-only
zsm92-eZ5WI,,Rating Trading Habits…,,,https://www.youtube.com/watch?v=zsm92-eZ5WI,short,54,,,,7700,0,flat-only
jcbd2s07FCc,,Po3 + iFVG is INSANE…,,,https://www.youtube.com/watch?v=jcbd2s07FCc,short,53,,,,24000,0,flat-only
ugDw44m5kL8,,W or L trade?,,,https://www.youtube.com/watch?v=ugDw44m5kL8,short,52,,,,19000,0,flat-only
cestjbMBiWA,,W or L trade?,,,https://www.youtube.com/watch?v=cestjbMBiWA,short,51,,,,19000,0,flat-only
zIr782mttXY,,Po3 + iFVG is INSANE…,,,https://www.youtube.com/watch?v=zIr782mttXY,short,50,,,,64000,0,flat-only
OY1wSMwxevA,,W or L trade?,,,https://www.youtube.com/watch?v=OY1wSMwxevA,short,49,,,,70000,0,flat-only
Za2UmFO-9n0,,Unfilled gap + iFVG is INSANE…,,,https://www.youtube.com/watch?v=Za2UmFO-9n0,short,48,,,,14000,0,flat-only
MoZZUu4yfn8,,W or L trade?,,,https://www.youtube.com/watch?v=MoZZUu4yfn8,short,47,,,,19000,0,flat-only
Ya5K7cd-Rhg,,Unfilled FVG + iFVG strategy…,,,https://www.youtube.com/watch?v=Ya5K7cd-Rhg,short,46,,,,19000,0,flat-only
hV4_beFyNpE,,W or L trade?,,,https://www.youtube.com/watch?v=hV4_beFyNpE,short,45,,,,13000,0,flat-only
r6qKe6hHot0,,W or L trade?,,,https://www.youtube.com/watch?v=r6qKe6hHot0,short,44,,,,66000,0,flat-only
YTpZTjqCYC8,,W or L trade?,,,https://www.youtube.com/watch?v=YTpZTjqCYC8,short,43,,,,12000,0,flat-only
tYT30MpcBb8,,Po3 + iFVG is the BEST strategy…,,,https://www.youtube.com/watch?v=tYT30MpcBb8,short,42,,,,11000,0,flat-only
6fO_8100QJE,,W or L trade?,,,https://www.youtube.com/watch?v=6fO_8100QJE,short,41,,,,21000,0,flat-only
F63BiFU3hFE,,W or L trade?,,,https://www.youtube.com/watch?v=F63BiFU3hFE,short,40,,,,9300,0,flat-only
DcuYefPLrV8,,W or L trade?,,,https://www.youtube.com/watch?v=DcuYefPLrV8,short,39,,,,210000,0,flat-only
6rDKMA5jXGY,,W or L trade?,,,https://www.youtube.com/watch?v=6rDKMA5jXGY,short,38,,,,20000,0,flat-only
mdoLPzE8JF0,,W or L trade?,,,https://www.youtube.com/watch?v=mdoLPzE8JF0,short,37,,,,27000,0,flat-only
C6tiWGvspno,,W or L trade?,,,https://www.youtube.com/watch?v=C6tiWGvspno,short,36,,,,29000,0,flat-only
chRBVY3V4I8,,W or L trade?,,,https://www.youtube.com/watch?v=chRBVY3V4I8,short,35,,,,12000,0,flat-only
y_2ZdK1E-JU,,W or L trade?,,,https://www.youtube.com/watch?v=y_2ZdK1E-JU,short,34,,,,190000,0,flat-only
leqeleYcFr4,,W or L trade?,,,https://www.youtube.com/watch?v=leqeleYcFr4,short,33,,,,11000,0,flat-only
vZDUTihcOJ8,,W or L trades?,,,https://www.youtube.com/watch?v=vZDUTihcOJ8,short,32,,,,46000,0,flat-only
jsHLYKnhyi0,,Po3 + iFVG is the BEST strategy…,,,https://www.youtube.com/watch?v=jsHLYKnhyi0,short,31,,,,11000,0,flat-only
Cbgjw8lqzFM,,Let’s test your trading SKILLS…,,,https://www.youtube.com/watch?v=Cbgjw8lqzFM,short,30,,,,13000,0,flat-only
vI9MmXkRSho,,Standard Deviation EXPLAINED…,,,https://www.youtube.com/watch?v=vI9MmXkRSho,short,29,,,,7600,0,flat-only
PUg4Jrfgetk,,PO3 + iFVG is so GOOD…,,,https://www.youtube.com/watch?v=PUg4Jrfgetk,short,28,,,,9800,0,flat-only
-Pmh02uN2xI,,Slow vs Aggressive iFVG’s EXPLAINED…,,,https://www.youtube.com/watch?v=-Pmh02uN2xI,short,27,,,,9400,0,flat-only
nlNHRsKWeHE,,W or L trade?,,,https://www.youtube.com/watch?v=nlNHRsKWeHE,short,26,,,,32000,0,flat-only
4zu34TMD3WY,,The truth about prop firm trading…,,,https://www.youtube.com/watch?v=4zu34TMD3WY,short,25,,,,6500,0,flat-only
7Usw_iZPRSM,,W or L trade?,,,https://www.youtube.com/watch?v=7Usw_iZPRSM,short,24,,,,14000,0,flat-only
DLjyoZCpB4k,,W or L trade?,,,https://www.youtube.com/watch?v=DLjyoZCpB4k,short,23,,,,7700,0,flat-only
j6KmSXCNK-Y,,W or L trade?,,,https://www.youtube.com/watch?v=j6KmSXCNK-Y,short,22,,,,27000,0,flat-only
h92C6CjIUDU,,W or L trade?,,,https://www.youtube.com/watch?v=h92C6CjIUDU,short,21,,,,51000,0,flat-only
yNntzqRtwLs,,W or L trade?,,,https://www.youtube.com/watch?v=yNntzqRtwLs,short,20,,,,23000,0,flat-only
RBJivS5GQXw,,W or L trade,,,https://www.youtube.com/watch?v=RBJivS5GQXw,short,19,,,,598000,0,flat-only
ri8Rpx3klAc,,W or L trade?,,,https://www.youtube.com/watch?v=ri8Rpx3klAc,short,18,,,,35000,0,flat-only
mcnUiYke60o,,W or L trade?,,,https://www.youtube.com/watch?v=mcnUiYke60o,short,17,,,,11000,0,flat-only
QLM8NvgjTfs,,W or L trade?,,,https://www.youtube.com/watch?v=QLM8NvgjTfs,short,16,,,,55000,0,flat-only
TZewfNEK7iM,,W or L trade?,,,https://www.youtube.com/watch?v=TZewfNEK7iM,short,15,,,,206000,0,flat-only
hgbkCih6YwQ,,W or L trade?,,,https://www.youtube.com/watch?v=hgbkCih6YwQ,short,14,,,,11000,0,flat-only
UxABp31sDA4,,W or L trade?,,,https://www.youtube.com/watch?v=UxABp31sDA4,short,13,,,,88000,0,flat-only
bFLN_MZbROY,,W or L trade?,,,https://www.youtube.com/watch?v=bFLN_MZbROY,short,12,,,,51000,0,flat-only
ImRy5OLp-F0,,W or L trade?,,,https://www.youtube.com/watch?v=ImRy5OLp-F0,short,11,,,,20000,0,flat-only
dvJSLrEB8js,,W or L trade?,,,https://www.youtube.com/watch?v=dvJSLrEB8js,short,10,,,,7400,0,flat-only
_vijXCAENnc,,W or L trade?,,,https://www.youtube.com/watch?v=_vijXCAENnc,short,9,,,,12000,0,flat-only
QQvyzhxmec4,,W or L trade?,,,https://www.youtube.com/watch?v=QQvyzhxmec4,short,8,,,,34000,0,flat-only
PRwcd3SQvLc,,My trading strategy,,,https://www.youtube.com/watch?v=PRwcd3SQvLc,short,7,,,,4200,0,flat-only
YZvaFslXNDQ,,PO3 + iFVG is INSANE…,,,https://www.youtube.com/watch?v=YZvaFslXNDQ,short,6,,,,6100,0,flat-only
vaE3RRdveEA,,W or L trade?,,,https://www.youtube.com/watch?v=vaE3RRdveEA,short,5,,,,7400,0,flat-only
0X1TpOiqxXU,,W or L trade?,,,https://www.youtube.com/watch?v=0X1TpOiqxXU,short,4,,,,2800,0,flat-only
mgWvlM4pU1g,,W or L trade?,,,https://www.youtube.com/watch?v=mgWvlM4pU1g,short,3,,,,5600,0,flat-only
pwJONsiUxrw,,Fair value gap strategy…,,,https://www.youtube.com/watch?v=pwJONsiUxrw,short,2,,,,919,0,flat-only
T91c7GaSmjo,,W or L trade?,,,https://www.youtube.com/watch?v=T91c7GaSmjo,short,1,,,,536,0,flat-only
omN1p_Vs0qE,,How to trade IFVG,704,0:11:44,https://www.youtube.com/watch?v=omN1p_Vs0qE,video,83,,,,2800,0,flat-only
L5EO0MPJQ2s,,Base hit scalping will change everything,890,0:14:50,https://www.youtube.com/watch?v=L5EO0MPJQ2s,video,82,,,,3100,0,flat-only
TA5xPUosUjE,,IFVG scalping recap,669,0:11:09,https://www.youtube.com/watch?v=TA5xPUosUjE,video,81,,,,1800,0,flat-only
6PjMQHnpqSQ,,The only scalping strategy you need,598,0:09:58,https://www.youtube.com/watch?v=6PjMQHnpqSQ,video,80,,,,3000,0,flat-only
QqoqubUStZI,,80% win rate ICT strategy,698,0:11:38,https://www.youtube.com/watch?v=QqoqubUStZI,video,79,,,,6800,0,flat-only
SRr-F2w5ayU,,How to find bias using IFVG's,481,0:08:01,https://www.youtube.com/watch?v=SRr-F2w5ayU,video,78,,,,1700,0,flat-only
n8bPhcHodpE,,IFVG scalping strategy explained,332,0:05:32,https://www.youtube.com/watch?v=n8bPhcHodpE,video,77,,,,2300,0,flat-only
IzYm5xp1aQY,,I Simplified ICT's 2022 Model,1121,0:18:41,https://www.youtube.com/watch?v=IzYm5xp1aQY,video,76,,,,9900,0,flat-only
mOG5VNBff3Y,,My One Trading Setup For Life - PO3,830,0:13:50,https://www.youtube.com/watch?v=mOG5VNBff3Y,video,75,,,,5200,0,flat-only
l4Ci7X6QVvM,,ICT Silver Bullet Strategy Explained,527,0:08:47,https://www.youtube.com/watch?v=l4Ci7X6QVvM,video,74,,,,4000,0,flat-only
hnKpuXb-Emk,,The Only Trading Strategy You Will Ever Need,416,0:06:56,https://www.youtube.com/watch?v=hnKpuXb-Emk,video,73,,,,3800,0,flat-only
aSbVisyca4k,,Liquidity: Buyside & Sellside,710,0:11:50,https://www.youtube.com/watch?v=aSbVisyca4k,video,72,,,,2100,0,flat-only
pcbVjLHQ3zM,,The Only STRATEGY Video You Need,911,0:15:11,https://www.youtube.com/watch?v=pcbVjLHQ3zM,video,71,,,,2500,0,flat-only
RqXEtdC_Pdo,,How To Trade Continuations,635,0:10:35,https://www.youtube.com/watch?v=RqXEtdC_Pdo,video,70,,,,1300,0,flat-only
aeMISVpctb0,,Monthly P&L Of A 21 Year Old Day Trader,888,0:14:48,https://www.youtube.com/watch?v=aeMISVpctb0,video,69,,,,2700,0,flat-only
HuqFTRIZzBw,,Simple 75% Win Rate Inversion Strategy,956,0:15:56,https://www.youtube.com/watch?v=HuqFTRIZzBw,video,68,,,,2000,0,flat-only
YkZMfLfdVvo,,This Is The Highest Probability IFVG,915,0:15:15,https://www.youtube.com/watch?v=YkZMfLfdVvo,video,67,,,,1400,0,flat-only
gkmGtHsBIvU,,Top 5 Setups Of The Week,1185,0:19:45,https://www.youtube.com/watch?v=gkmGtHsBIvU,video,66,,,,1300,0,flat-only
Hi07pmuRiys,,Stop Trading The ICT 2022 Model,2413,0:40:13,https://www.youtube.com/watch?v=Hi07pmuRiys,video,65,,,,1000,0,flat-only
GgbuIASs06U,,Scalping Was Hard Until I Found This Strategy,1448,0:24:08,https://www.youtube.com/watch?v=GgbuIASs06U,video,64,,,,4000,0,flat-only
egRRXdigxaU,,This Strategy Is Boring. But It Makes Me $500/Day,1330,0:22:10,https://www.youtube.com/watch?v=egRRXdigxaU,video,63,,,,2600,0,flat-only
uafvsZ1E0R8,,I Simplified ICT's Inversion Model,668,0:11:08,https://www.youtube.com/watch?v=uafvsZ1E0R8,video,62,,,,1700,0,flat-only
ozyxTqlHqOk,,The ONLY Strategy That Works in 2025,1160,0:19:20,https://www.youtube.com/watch?v=ozyxTqlHqOk,video,61,,,,1900,0,flat-only
zhlNHBA24eE,,How I Passed My Prop Firm Challenge in 6 Days,1067,0:17:47,https://www.youtube.com/watch?v=zhlNHBA24eE,video,60,,,,2100,0,flat-only
2IcJgN5tOA0,,My Incredibly Easy Scalping Strategy That Works Everyday,1373,0:22:53,https://www.youtube.com/watch?v=2IcJgN5tOA0,video,59,,,,2100,0,flat-only
pCG3wSOf89A,,The Best Trading Strategy Explained in 20 Minutes,1327,0:22:07,https://www.youtube.com/watch?v=pCG3wSOf89A,video,58,,,,2100,0,flat-only
aILa3UM20bQ,,This Day Trading Strategy has a 90% Win Rate (Not Clickbait),688,0:11:28,https://www.youtube.com/watch?v=aILa3UM20bQ,video,57,,,,4500,0,flat-only
qzdZTxjZgk8,,"The Exact Strategy To Go From $100 - $10,000",1124,0:18:44,https://www.youtube.com/watch?v=qzdZTxjZgk8,video,56,,,,1300,0,flat-only
WuzNrvwxQns,,This ICT Strategy Works Everyday (Stupid Simple And Proven),796,0:13:16,https://www.youtube.com/watch?v=WuzNrvwxQns,video,55,,,,1600,0,flat-only
2hwGx8E3AL8,,Tradeify Funding Explained (No Evaluations),1108,0:18:28,https://www.youtube.com/watch?v=2hwGx8E3AL8,video,54,,,,3400,0,flat-only
wgCFgeyCJ-o,,Open High Low Close (OHLC/OLHC) - PO3,644,0:10:44,https://www.youtube.com/watch?v=wgCFgeyCJ-o,video,53,,,,1200,0,flat-only
23RUZJX0NP4,,The Only Day Trading Strategy I Would Use If I Could Start Over...,1131,0:18:51,https://www.youtube.com/watch?v=23RUZJX0NP4,video,52,,,,2100,0,flat-only
c61IF1eqh08,,92% Win Rate Backtesting Session (Best Trading Strategy),2220,0:37:00,https://www.youtube.com/watch?v=c61IF1eqh08,video,51,,,,10000,0,flat-only
DkAHaE_Ntuw,,"How I Made $3,000 in 5 Minutes Day Trading | INSANE",585,0:09:45,https://www.youtube.com/watch?v=DkAHaE_Ntuw,video,50,,,,1300,0,flat-only
lAg_FhjDWAY,,"How I Made $4,100 Today Trading Futures",1395,0:23:15,https://www.youtube.com/watch?v=lAg_FhjDWAY,video,49,,,,848,0,flat-only
DIOMJCupv2o,,This 1 Minute Scalping Strategy Works Everyday (Stupid Simple and Proven),675,0:11:15,https://www.youtube.com/watch?v=DIOMJCupv2o,video,48,,,,2400,0,flat-only
UWukQ5sLWAU,,"How I Made $5,800 Today Trading Futures",824,0:13:44,https://www.youtube.com/watch?v=UWukQ5sLWAU,video,47,,,,773,0,flat-only
23SGKQ6gwDY,,Stop Trading Forex... Try This Instead,596,0:09:56,https://www.youtube.com/watch?v=23SGKQ6gwDY,video,46,,,,1400,0,flat-only
RPbKKHCPHmY,,The Best ICT Strategy in 2025,1122,0:18:42,https://www.youtube.com/watch?v=RPbKKHCPHmY,video,45,,,,2800,0,flat-only
lzVxMQltTzI,,Making a FULL TIME INCOME With Trading at 22 years old,410,0:06:50,https://www.youtube.com/watch?v=lzVxMQltTzI,video,44,,,,799,0,flat-only
N1ZZmpNBHfE,,Scalping Saved My Trading Career (The Truth),1203,0:20:03,https://www.youtube.com/watch?v=N1ZZmpNBHfE,video,43,,,,3400,0,flat-only
wsixDhFuiDY,,"Scalping was Hard, until I Found this SECRET",884,0:14:44,https://www.youtube.com/watch?v=wsixDhFuiDY,video,42,,,,1400,0,flat-only
S4EEKnpJlmI,,$0 to $100k Trading Prop Firms (TRADEIFY),412,0:06:52,https://www.youtube.com/watch?v=S4EEKnpJlmI,video,41,,,,829,0,flat-only
k7qiiP3CzS0,,"Only 3 Trades From a $15,000 payout",431,0:07:11,https://www.youtube.com/watch?v=k7qiiP3CzS0,video,40,,,,907,0,flat-only
Mif_8ipLGvo,,"I Lost $2,700 Day Trading… (Hard Truth)",431,0:07:11,https://www.youtube.com/watch?v=Mif_8ipLGvo,video,39,,,,828,0,flat-only
UznlHDRXU9w,,This is why 90% of traders FAIL,1625,0:27:05,https://www.youtube.com/watch?v=UznlHDRXU9w,video,38,,,,2000,0,flat-only
e_tzVkbel9s,,2 Days From My Payout… Nothing Can Break My Focus,498,0:08:18,https://www.youtube.com/watch?v=e_tzVkbel9s,video,37,,,,573,0,flat-only
q2xRhOMgdXM,,The One Trading Strategy That Works Everyday (ICT concepts),955,0:15:55,https://www.youtube.com/watch?v=q2xRhOMgdXM,video,36,,,,1400,0,flat-only
sPM0mSZFL9Q,,My 1 Minute Scalping Strategy Explained (Full Trade Recap),1561,0:26:01,https://www.youtube.com/watch?v=sPM0mSZFL9Q,video,35,,,,1700,0,flat-only
crl2CP-z9EA,,High Win Rate Scalping Using ICT Concept,671,0:11:11,https://www.youtube.com/watch?v=crl2CP-z9EA,video,34,,,,1000,0,flat-only
yxIj21rt9J4,,"$12,000 TRADEIFY Payout Request - Don't Quit Trading",817,0:13:37,https://www.youtube.com/watch?v=yxIj21rt9J4,video,33,,,,2200,0,flat-only
inGUufLcG_A,,"How I Requested a $15,000+ Payout With Tradeify",1380,0:23:00,https://www.youtube.com/watch?v=inGUufLcG_A,video,32,,,,1700,0,flat-only
qX-EraY05M0,,How to Scalp | Learn Scalping in 10 Minutes,760,0:12:40,https://www.youtube.com/watch?v=qX-EraY05M0,video,31,,,,1300,0,flat-only
RvhhLZojCKI,,How to REALLY Scalp Nasdaq (Most Traders Do It Wrong),803,0:13:23,https://www.youtube.com/watch?v=RvhhLZojCKI,video,30,,,,1100,0,flat-only
68-K-sf18Gg,,This Stupid Simple ICT Scalping Strategy Made Me a Consistent Trader,925,0:15:25,https://www.youtube.com/watch?v=68-K-sf18Gg,video,29,,,,1400,0,flat-only
eE8QXcSpLPE,,Finding an A+ ICT Scalping Setup Every Day,1071,0:17:51,https://www.youtube.com/watch?v=eE8QXcSpLPE,video,28,,,,1300,0,flat-only
lPGCY0Io3PY,,The EASIEST Way to Trade ICT in 2025,594,0:09:54,https://www.youtube.com/watch?v=lPGCY0Io3PY,video,27,,,,1000,0,flat-only
lvD_5PVUKnw,,Scalping ICT Concepts Will Change Everything...,1126,0:18:46,https://www.youtube.com/watch?v=lvD_5PVUKnw,video,26,,,,861,0,flat-only
CXKvidWuWpQ,,This ICT Trading Strategy should be illegal...,905,0:15:05,https://www.youtube.com/watch?v=CXKvidWuWpQ,video,25,,,,1200,0,flat-only
F8iz0uZ2iKU,,88% Win Rate Backtesting Session (Best Futures Strategy),2131,0:35:31,https://www.youtube.com/watch?v=F8iz0uZ2iKU,video,24,,,,6100,0,flat-only
XGzs_0Q-Pbo,,How I Passed My Prop Firm Challenge in 3 Days,805,0:13:25,https://www.youtube.com/watch?v=XGzs_0Q-Pbo,video,23,,,,1400,0,flat-only
3aIadPsUklg,,My Super Simple ICT Trading Strategy | Get Funded,814,0:13:34,https://www.youtube.com/watch?v=3aIadPsUklg,video,22,,,,1700,0,flat-only
MCMJP3vuv1g,,EASY Scalping Strategy For Day Trading (High Win Rate Strategy),888,0:14:48,https://www.youtube.com/watch?v=MCMJP3vuv1g,video,21,,,,1300,0,flat-only
Pa3QCRvGruI,,Finding an A+ ICT Setup Every Day,514,0:08:34,https://www.youtube.com/watch?v=Pa3QCRvGruI,video,20,,,,1400,0,flat-only
goJGuAwupo0,,The Scalping Strategy Used By Funded Traders (PRICE ACTION),506,0:08:26,https://www.youtube.com/watch?v=goJGuAwupo0,video,19,,,,1600,0,flat-only
AORzaV8T1w0,,How To Pass Prop Firm Challenges EVERY TIME,789,0:13:09,https://www.youtube.com/watch?v=AORzaV8T1w0,video,18,,,,1400,0,flat-only
ICMqaYh6l9g,,How to REALLY Scalp NQ (Most Traders Do It Wrong),914,0:15:14,https://www.youtube.com/watch?v=ICMqaYh6l9g,video,17,,,,1800,0,flat-only
uAITVN8kEUk,,Order Blocks - Explained in 10 Minutes,651,0:10:51,https://www.youtube.com/watch?v=uAITVN8kEUk,video,16,,,,971,0,flat-only
JGQ3-DJIWbo,,The Only Day Trading Strategy I Would Use If I Could Start Over...,917,0:15:17,https://www.youtube.com/watch?v=JGQ3-DJIWbo,video,15,,,,2200,0,flat-only
EKdBRVsAItU,,How To Trade Prop Firms the RIGHT WAY,1078,0:17:58,https://www.youtube.com/watch?v=EKdBRVsAItU,video,14,,,,1700,0,flat-only
CsV2m7miTyk,,How I Increased Win Rate In Trading,754,0:12:34,https://www.youtube.com/watch?v=CsV2m7miTyk,video,13,,,,2200,0,flat-only
3z6qgc66RA8,,The Only Setup You Need To Pass A Funded Challenge,673,0:11:13,https://www.youtube.com/watch?v=3z6qgc66RA8,video,12,,,,4200,0,flat-only
UB9SZXKAMxA,,The 1 Minute Scalping Strategy I'm OBSESSED with (ICT),730,0:12:10,https://www.youtube.com/watch?v=UB9SZXKAMxA,video,11,,,,7600,0,flat-only
Z-FKuV1LiMI,,This ICT Trading Strategy should be illegal...,955,0:15:55,https://www.youtube.com/watch?v=Z-FKuV1LiMI,video,10,,,,6500,0,flat-only
NfMG6bHHmgg,,"$15,000 Tradeify Payout with 72% Win Rate Using 5 Linked Accounts",296,0:04:56,https://www.youtube.com/watch?v=NfMG6bHHmgg,video,9,,,,13000,0,flat-only
88O_nyGNIEs,,"This Trading Strategy Made Me $55,071 Last Month",1007,0:16:47,https://www.youtube.com/watch?v=88O_nyGNIEs,video,8,,,,12000,0,flat-only
v1rIJOeAv2c,,"Trading was HARD, until I realized this...",653,0:10:53,https://www.youtube.com/watch?v=v1rIJOeAv2c,video,7,,,,17000,0,flat-only
Tea-SeT3-OU,,This Stupid Simple Strategy Works Everyday (Stupid Simple And Proven),1967,0:32:47,https://www.youtube.com/watch?v=Tea-SeT3-OU,video,6,,,,18000,0,flat-only
6jM0S5_Um9M,,"This Simple Scalping Strategy Makes Me Over $30,000/Month",1780,0:29:40,https://www.youtube.com/watch?v=6jM0S5_Um9M,video,5,,,,16000,0,flat-only
4BLGd9GMo8U,,My UPDATED Day Trading Strategy (2026),1609,0:26:49,https://www.youtube.com/watch?v=4BLGd9GMo8U,video,4,,,,13000,0,flat-only
3LrXQDS187Y,,"This Trading Strategy Makes $1,000 a Day (Proven Results)",2453,0:40:53,https://www.youtube.com/watch?v=3LrXQDS187Y,video,3,,,,15000,0,flat-only
nxYi6bd9enA,,"Trading Was Hard, Until I Understood These Two Concepts",934,0:15:34,https://www.youtube.com/watch?v=nxYi6bd9enA,video,2,,,,4300,0,flat-only
oSqLOXBP7NY,,"If I Had to Make $500 by Tomorrow, I’d Use This Trading Strategy",1253,0:20:53,https://www.youtube.com/watch?v=oSqLOXBP7NY,video,1,,,,407,0,flat-only
