video_id,lang,kind,note,file
3LrXQDS187Y,en-orig,auto,asr-orig,3LrXQDS187Y.en-orig.json3
3z6qgc66RA8,en-orig,auto,asr-orig,3z6qgc66RA8.en-orig.json3
4BLGd9GMo8U,en-orig,auto,asr-orig,4BLGd9GMo8U.en-orig.json3
6jM0S5_Um9M,en-orig,auto,asr-orig,6jM0S5_Um9M.en-orig.json3
88O_nyGNIEs,en-orig,auto,asr-orig download-failed,
CsV2m7miTyk,en-orig,auto,asr-orig,CsV2m7miTyk.en-orig.json3
EKdBRVsAItU,en-orig,auto,asr-orig download-failed,
ICMqaYh6l9g,en-orig,auto,asr-orig download-failed,
JGQ3-DJIWbo,en-orig,auto,asr-orig download-failed,
NfMG6bHHmgg,en-orig,auto,asr-orig download-failed,
Tea-SeT3-OU,en-orig,auto,asr-orig,Tea-SeT3-OU.en-orig.json3
Z-FKuV1LiMI,en-orig,auto,asr-orig download-failed,
nxYi6bd9enA,en-orig,auto,asr-orig,nxYi6bd9enA.en-orig.json3
oSqLOXBP7NY,en-orig,auto,asr-orig,oSqLOXBP7NY.en-orig.json3
uAITVN8kEUk,en-orig,auto,asr-orig download-failed,
v1rIJOeAv2c,en-orig,auto,asr-orig,v1rIJOeAv2c.en-orig.json3
