tp_profondeur,stop_mode,fenetres,gap_min_points,distance_tp_min_points,IS_trades,IS_winrate,IS_R_moyen,IS_PF,IS_DD_R,OOS_trades,OOS_winrate,OOS_R_moyen,OOS_PF,OOS_DD_R
0.0,TP_FIRST,W1+W2,0.25,5,65,0.508,-0.001,1.0,8.6,54,0.611,0.247,1.94,4.2
0.0,TP_FIRST,W1+W2,0.25,8,65,0.508,-0.001,1.0,8.6,54,0.611,0.247,1.94,4.2
0.0,TP_FIRST,W1+W2,0.25,12,63,0.492,-0.037,0.9,10.9,52,0.615,0.258,2.02,3.1
0.0,TP_FIRST,W1+W2,2.0,5,59,0.508,-0.014,0.96,8.6,48,0.625,0.264,2.08,3.2
0.0,TP_FIRST,W1+W2,2.0,8,59,0.508,-0.014,0.96,8.6,48,0.625,0.264,2.08,3.2
0.0,TP_FIRST,W1+W2,2.0,12,58,0.483,-0.066,0.84,11.6,48,0.625,0.264,2.08,3.2
0.0,TP_FIRST,W1+W2,5.0,5,49,0.531,0.03,1.09,5.4,46,0.63,0.28,2.2,3.2
0.0,TP_FIRST,W1+W2,5.0,8,49,0.531,0.03,1.09,5.4,46,0.63,0.28,2.2,3.2
0.0,TP_FIRST,W1+W2,5.0,12,47,0.511,-0.011,0.97,7.4,46,0.63,0.28,2.2,3.2
0.0,TP_FIRST,W1,0.25,5,3,0.333,-0.358,0.48,2.1,4,0.5,-0.017,0.97,2.1
0.0,TP_FIRST,W1,0.25,8,3,0.333,-0.358,0.48,2.1,4,0.5,-0.017,0.97,2.1
0.0,TP_FIRST,W1,0.25,12,3,0.333,-0.358,0.48,2.1,3,0.667,0.324,1.96,1.0
0.0,TP_FIRST,W1,2.0,5,2,0.0,-1.034,0.0,2.1,2,1.0,0.995,,0.0
0.0,TP_FIRST,W1,2.0,8,2,0.0,-1.034,0.0,2.1,2,1.0,0.995,,0.0
0.0,TP_FIRST,W1,2.0,12,2,0.0,-1.034,0.0,2.1,2,1.0,0.995,,0.0
0.0,TP_FIRST,W1,5.0,5,1,0.0,-1.032,0.0,1.0,2,1.0,0.995,,0.0
0.0,TP_FIRST,W1,5.0,8,1,0.0,-1.032,0.0,1.0,2,1.0,0.995,,0.0
0.0,TP_FIRST,W1,5.0,12,1,0.0,-1.032,0.0,1.0,2,1.0,0.995,,0.0
0.0,TP_FIRST,W2,0.25,5,64,0.516,0.02,1.06,7.2,52,0.635,0.296,2.27,2.1
0.0,TP_FIRST,W2,0.25,8,64,0.516,0.02,1.06,7.2,52,0.635,0.296,2.27,2.1
0.0,TP_FIRST,W2,0.25,12,62,0.5,-0.016,0.96,9.6,51,0.627,0.283,2.19,2.1
0.0,TP_FIRST,W2,2.0,5,58,0.517,0.009,1.03,7.3,47,0.617,0.249,2.0,3.2
0.0,TP_FIRST,W2,2.0,8,58,0.517,0.009,1.03,7.3,47,0.617,0.249,2.0,3.2
0.0,TP_FIRST,W2,2.0,12,57,0.491,-0.043,0.89,10.3,47,0.617,0.249,2.0,3.2
0.0,TP_FIRST,W2,5.0,5,49,0.531,0.036,1.11,5.1,45,0.622,0.264,2.11,3.2
0.0,TP_FIRST,W2,5.0,8,49,0.531,0.036,1.11,5.1,45,0.622,0.264,2.11,3.2
0.0,TP_FIRST,W2,5.0,12,47,0.511,-0.004,0.99,7.0,45,0.622,0.264,2.11,3.2
0.0,STRUCTURE,W1+W2,0.25,5,184,0.473,-0.05,0.89,19.4,147,0.429,-0.12,0.75,20.0
0.0,STRUCTURE,W1+W2,0.25,8,181,0.475,-0.044,0.9,17.2,147,0.429,-0.12,0.75,20.0
0.0,STRUCTURE,W1+W2,0.25,12,175,0.469,-0.06,0.87,19.7,146,0.432,-0.114,0.77,18.9
0.0,STRUCTURE,W1+W2,2.0,5,178,0.472,-0.041,0.91,17.7,142,0.43,-0.115,0.76,16.6
0.0,STRUCTURE,W1+W2,2.0,8,176,0.477,-0.029,0.93,16.7,142,0.43,-0.115,0.76,16.6
0.0,STRUCTURE,W1+W2,2.0,12,170,0.459,-0.067,0.85,19.7,141,0.433,-0.108,0.77,16.2
0.0,STRUCTURE,W1+W2,5.0,5,156,0.462,-0.057,0.87,15.3,124,0.46,-0.054,0.88,11.6
0.0,STRUCTURE,W1+W2,5.0,8,154,0.468,-0.044,0.9,14.2,124,0.46,-0.054,0.88,11.6
0.0,STRUCTURE,W1+W2,5.0,12,150,0.453,-0.074,0.84,17.2,124,0.46,-0.054,0.88,11.6
0.0,STRUCTURE,W1,0.25,5,80,0.525,-0.008,0.98,6.7,67,0.463,-0.093,0.81,8.0
0.0,STRUCTURE,W1,0.25,8,79,0.519,-0.02,0.95,6.7,67,0.463,-0.093,0.81,8.0
0.0,STRUCTURE,W1,0.25,12,74,0.514,-0.04,0.91,6.7,66,0.47,-0.079,0.84,8.0
0.0,STRUCTURE,W1,2.0,5,70,0.514,-0.019,0.96,4.7,62,0.452,-0.115,0.77,8.9
0.0,STRUCTURE,W1,2.0,8,70,0.514,-0.019,0.96,4.7,62,0.452,-0.115,0.77,8.9
0.0,STRUCTURE,W1,2.0,12,65,0.508,-0.041,0.91,5.3,61,0.459,-0.1,0.8,8.9
0.0,STRUCTURE,W1,5.0,5,61,0.508,-0.035,0.92,4.7,49,0.49,-0.041,0.91,5.1
0.0,STRUCTURE,W1,5.0,8,61,0.508,-0.035,0.92,4.7,49,0.49,-0.041,0.91,5.1
0.0,STRUCTURE,W1,5.0,12,57,0.491,-0.079,0.83,4.7,49,0.49,-0.041,0.91,5.1
0.0,STRUCTURE,W2,0.25,5,149,0.443,-0.09,0.8,19.9,133,0.444,-0.063,0.86,13.4
0.0,STRUCTURE,W2,0.25,8,147,0.449,-0.076,0.83,18.8,133,0.444,-0.063,0.86,13.4
0.0,STRUCTURE,W2,0.25,12,145,0.448,-0.079,0.82,20.8,133,0.444,-0.063,0.86,13.4
0.0,STRUCTURE,W2,2.0,5,144,0.444,-0.075,0.83,19.0,126,0.452,-0.042,0.9,10.3
0.0,STRUCTURE,W2,2.0,8,142,0.451,-0.061,0.86,18.0,126,0.452,-0.042,0.9,10.3
0.0,STRUCTURE,W2,2.0,12,140,0.436,-0.09,0.8,20.0,126,0.452,-0.042,0.9,10.3
0.0,STRUCTURE,W2,5.0,5,128,0.43,-0.101,0.78,19.3,113,0.469,-0.019,0.96,9.0
0.0,STRUCTURE,W2,5.0,8,126,0.437,-0.085,0.81,18.3,113,0.469,-0.019,0.96,9.0
0.0,STRUCTURE,W2,5.0,12,125,0.432,-0.094,0.79,20.3,113,0.469,-0.019,0.96,9.0
0.5,TP_FIRST,W1+W2,0.25,5,110,0.5,-0.048,0.88,15.3,87,0.586,0.113,1.35,7.8
0.5,TP_FIRST,W1+W2,0.25,8,110,0.5,-0.048,0.88,15.3,87,0.586,0.113,1.35,7.8
0.5,TP_FIRST,W1+W2,0.25,12,104,0.51,-0.036,0.9,14.0,86,0.581,0.103,1.32,7.8
0.5,TP_FIRST,W1+W2,2.0,5,104,0.5,-0.053,0.86,17.0,82,0.598,0.11,1.34,8.0
0.5,TP_FIRST,W1+W2,2.0,8,104,0.5,-0.053,0.86,17.0,82,0.598,0.11,1.34,8.0
0.5,TP_FIRST,W1+W2,2.0,12,100,0.5,-0.055,0.86,15.8,82,0.598,0.11,1.34,8.0
0.5,TP_FIRST,W1+W2,5.0,5,92,0.511,-0.036,0.9,14.1,79,0.608,0.13,1.42,8.0
0.5,TP_FIRST,W1+W2,5.0,8,92,0.511,-0.036,0.9,14.1,79,0.608,0.13,1.42,8.0
0.5,TP_FIRST,W1+W2,5.0,12,89,0.517,-0.027,0.93,12.3,79,0.608,0.13,1.42,8.0
0.5,TP_FIRST,W1,0.25,5,11,0.455,-0.04,0.92,5.4,9,0.444,-0.126,0.78,4.1
0.5,TP_FIRST,W1,0.25,8,11,0.455,-0.04,0.92,5.4,9,0.444,-0.126,0.78,4.1
0.5,TP_FIRST,W1,0.25,12,11,0.455,-0.04,0.92,5.4,8,0.5,-0.011,0.98,3.1
0.5,TP_FIRST,W1,2.0,5,10,0.4,-0.143,0.73,5.4,7,0.571,0.132,1.3,2.0
0.5,TP_FIRST,W1,2.0,8,10,0.4,-0.143,0.73,5.4,7,0.571,0.132,1.3,2.0
0.5,TP_FIRST,W1,2.0,12,10,0.4,-0.143,0.73,5.4,7,0.571,0.132,1.3,2.0
0.5,TP_FIRST,W1,5.0,5,8,0.5,0.079,1.19,3.3,6,0.667,0.326,1.97,1.0
0.5,TP_FIRST,W1,5.0,8,8,0.5,0.079,1.19,3.3,6,0.667,0.326,1.97,1.0
0.5,TP_FIRST,W1,5.0,12,8,0.5,0.079,1.19,3.3,6,0.667,0.326,1.97,1.0
0.5,TP_FIRST,W2,0.25,5,102,0.51,-0.034,0.91,13.9,83,0.602,0.156,1.54,6.2
0.5,TP_FIRST,W2,0.25,8,102,0.51,-0.034,0.91,13.9,83,0.602,0.156,1.54,6.2
0.5,TP_FIRST,W2,0.25,12,96,0.521,-0.02,0.94,12.6,82,0.598,0.146,1.5,6.2
0.5,TP_FIRST,W2,2.0,5,96,0.51,-0.038,0.9,14.6,78,0.603,0.129,1.43,6.4
0.5,TP_FIRST,W2,2.0,8,96,0.51,-0.038,0.9,14.6,78,0.603,0.129,1.43,6.4
0.5,TP_FIRST,W2,2.0,12,92,0.511,-0.04,0.89,14.3,78,0.603,0.129,1.43,6.4
0.5,TP_FIRST,W2,5.0,5,86,0.512,-0.041,0.89,13.8,76,0.605,0.136,1.46,6.4
0.5,TP_FIRST,W2,5.0,8,86,0.512,-0.041,0.89,13.8,76,0.605,0.136,1.46,6.4
0.5,TP_FIRST,W2,5.0,12,83,0.518,-0.032,0.91,12.9,76,0.605,0.136,1.46,6.4
0.5,STRUCTURE,W1+W2,0.25,5,204,0.466,-0.062,0.86,23.9,156,0.449,-0.075,0.84,16.6
0.5,STRUCTURE,W1+W2,0.25,8,201,0.468,-0.057,0.87,21.7,156,0.449,-0.075,0.84,16.6
0.5,STRUCTURE,W1+W2,0.25,12,194,0.469,-0.063,0.86,20.3,155,0.452,-0.069,0.85,15.5
0.5,STRUCTURE,W1+W2,2.0,5,198,0.46,-0.064,0.86,21.0,152,0.454,-0.061,0.86,13.7
0.5,STRUCTURE,W1+W2,2.0,8,196,0.464,-0.054,0.88,18.8,152,0.454,-0.061,0.86,13.7
0.5,STRUCTURE,W1+W2,2.0,12,189,0.455,-0.08,0.82,21.1,151,0.457,-0.055,0.88,12.7
0.5,STRUCTURE,W1+W2,5.0,5,183,0.459,-0.071,0.84,18.3,134,0.478,-0.011,0.97,8.9
0.5,STRUCTURE,W1+W2,5.0,8,181,0.464,-0.06,0.86,17.0,134,0.478,-0.011,0.97,8.9
0.5,STRUCTURE,W1+W2,5.0,12,176,0.46,-0.076,0.83,18.6,134,0.478,-0.011,0.97,8.9
0.5,STRUCTURE,W1,0.25,5,80,0.525,-0.008,0.98,6.7,67,0.463,-0.093,0.81,8.0
0.5,STRUCTURE,W1,0.25,8,79,0.519,-0.02,0.95,6.7,67,0.463,-0.093,0.81,8.0
0.5,STRUCTURE,W1,0.25,12,74,0.514,-0.04,0.91,6.7,66,0.47,-0.079,0.84,8.0
0.5,STRUCTURE,W1,2.0,5,70,0.514,-0.019,0.96,4.7,62,0.452,-0.115,0.77,8.9
0.5,STRUCTURE,W1,2.0,8,70,0.514,-0.019,0.96,4.7,62,0.452,-0.115,0.77,8.9
0.5,STRUCTURE,W1,2.0,12,65,0.508,-0.041,0.91,5.3,61,0.459,-0.1,0.8,8.9
0.5,STRUCTURE,W1,5.0,5,61,0.508,-0.035,0.92,4.7,49,0.49,-0.041,0.91,5.1
0.5,STRUCTURE,W1,5.0,8,61,0.508,-0.035,0.92,4.7,49,0.49,-0.041,0.91,5.1
0.5,STRUCTURE,W1,5.0,12,57,0.491,-0.079,0.83,4.7,49,0.49,-0.041,0.91,5.1
0.5,STRUCTURE,W2,0.25,5,178,0.449,-0.086,0.81,22.1,144,0.451,-0.042,0.9,15.4
0.5,STRUCTURE,W2,0.25,8,176,0.455,-0.075,0.83,20.2,144,0.451,-0.042,0.9,15.4
0.5,STRUCTURE,W2,0.25,12,173,0.457,-0.075,0.83,21.6,144,0.451,-0.042,0.9,15.4
0.5,STRUCTURE,W2,2.0,5,173,0.445,-0.085,0.81,20.7,138,0.464,-0.013,0.97,11.9
0.5,STRUCTURE,W2,2.0,8,171,0.45,-0.074,0.83,19.6,138,0.464,-0.013,0.97,11.9
0.5,STRUCTURE,W2,2.0,12,168,0.44,-0.095,0.78,21.8,138,0.464,-0.013,0.97,11.9
0.5,STRUCTURE,W2,5.0,5,161,0.435,-0.107,0.76,22.2,124,0.476,0.004,1.01,10.3
0.5,STRUCTURE,W2,5.0,8,159,0.44,-0.094,0.78,21.1,124,0.476,0.004,1.01,10.3
0.5,STRUCTURE,W2,5.0,12,157,0.439,-0.098,0.77,23.1,124,0.476,0.004,1.01,10.3
1.0,TP_FIRST,W1+W2,0.25,5,146,0.5,-0.033,0.91,9.3,111,0.55,0.046,1.14,6.0
1.0,TP_FIRST,W1+W2,0.25,8,146,0.5,-0.033,0.91,9.3,111,0.55,0.046,1.14,6.0
1.0,TP_FIRST,W1+W2,0.25,12,142,0.5,-0.037,0.89,9.3,111,0.55,0.046,1.14,6.0
1.0,TP_FIRST,W1+W2,2.0,5,141,0.496,-0.043,0.88,11.9,109,0.56,0.055,1.17,5.6
1.0,TP_FIRST,W1+W2,2.0,8,141,0.496,-0.043,0.88,11.9,109,0.56,0.055,1.17,5.6
1.0,TP_FIRST,W1+W2,2.0,12,139,0.489,-0.057,0.84,12.1,109,0.56,0.055,1.17,5.6
1.0,TP_FIRST,W1+W2,5.0,5,131,0.496,-0.054,0.84,10.3,104,0.577,0.09,1.3,5.0
1.0,TP_FIRST,W1+W2,5.0,8,131,0.496,-0.054,0.84,10.3,104,0.577,0.09,1.3,5.0
1.0,TP_FIRST,W1+W2,5.0,12,130,0.492,-0.062,0.82,10.4,104,0.577,0.09,1.3,5.0
1.0,TP_FIRST,W1,0.25,5,31,0.516,0.007,1.02,7.4,23,0.391,-0.102,0.78,5.3
1.0,TP_FIRST,W1,0.25,8,31,0.516,0.007,1.02,7.4,23,0.391,-0.102,0.78,5.3
1.0,TP_FIRST,W1,0.25,12,30,0.5,-0.026,0.94,7.4,23,0.391,-0.102,0.78,5.3
1.0,TP_FIRST,W1,2.0,5,30,0.5,-0.026,0.94,7.4,21,0.429,-0.014,0.97,3.3
1.0,TP_FIRST,W1,2.0,8,30,0.5,-0.026,0.94,7.4,21,0.429,-0.014,0.97,3.3
1.0,TP_FIRST,W1,2.0,12,29,0.483,-0.061,0.87,7.4,21,0.429,-0.014,0.97,3.3
1.0,TP_FIRST,W1,5.0,5,28,0.536,0.045,1.11,5.3,20,0.45,0.036,1.09,2.4
1.0,TP_FIRST,W1,5.0,8,28,0.536,0.045,1.11,5.3,20,0.45,0.036,1.09,2.4
1.0,TP_FIRST,W1,5.0,12,27,0.519,0.011,1.03,5.3,20,0.45,0.036,1.09,2.4
1.0,TP_FIRST,W2,0.25,5,132,0.485,-0.058,0.83,13.4,105,0.619,0.139,1.51,4.0
1.0,TP_FIRST,W2,0.25,8,132,0.485,-0.058,0.83,13.4,105,0.619,0.139,1.51,4.0
1.0,TP_FIRST,W2,0.25,12,129,0.488,-0.055,0.83,12.4,105,0.619,0.139,1.51,4.0
1.0,TP_FIRST,W2,2.0,5,127,0.48,-0.07,0.79,15.1,103,0.621,0.13,1.49,4.1
1.0,TP_FIRST,W2,2.0,8,127,0.48,-0.07,0.79,15.1,103,0.621,0.13,1.49,4.1
1.0,TP_FIRST,W2,2.0,12,126,0.476,-0.079,0.77,15.1,103,0.621,0.13,1.49,4.1
1.0,TP_FIRST,W2,5.0,5,118,0.466,-0.102,0.7,15.6,99,0.636,0.159,1.64,4.0
1.0,TP_FIRST,W2,5.0,8,118,0.466,-0.102,0.7,15.6,99,0.636,0.159,1.64,4.0
1.0,TP_FIRST,W2,5.0,12,118,0.466,-0.102,0.7,15.6,99,0.636,0.159,1.64,4.0
1.0,STRUCTURE,W1+W2,0.25,5,209,0.474,-0.033,0.92,23.2,160,0.438,-0.094,0.8,20.0
1.0,STRUCTURE,W1+W2,0.25,8,206,0.476,-0.028,0.93,21.0,160,0.438,-0.094,0.8,20.0
1.0,STRUCTURE,W1+W2,0.25,12,202,0.48,-0.038,0.91,20.8,159,0.44,-0.088,0.81,18.9
1.0,STRUCTURE,W1+W2,2.0,5,203,0.463,-0.045,0.9,20.3,158,0.443,-0.081,0.82,16.2
1.0,STRUCTURE,W1+W2,2.0,8,201,0.468,-0.035,0.92,18.1,158,0.443,-0.081,0.82,16.2
1.0,STRUCTURE,W1+W2,2.0,12,197,0.462,-0.064,0.85,22.5,157,0.446,-0.075,0.84,16.2
1.0,STRUCTURE,W1+W2,5.0,5,189,0.46,-0.067,0.85,21.0,141,0.461,-0.04,0.91,11.5
1.0,STRUCTURE,W1+W2,5.0,8,187,0.465,-0.056,0.87,18.8,141,0.461,-0.04,0.91,11.5
1.0,STRUCTURE,W1+W2,5.0,12,184,0.462,-0.075,0.82,22.3,141,0.461,-0.04,0.91,11.5
1.0,STRUCTURE,W1,0.25,5,80,0.525,-0.008,0.98,6.7,67,0.463,-0.093,0.81,8.0
1.0,STRUCTURE,W1,0.25,8,79,0.519,-0.02,0.95,6.7,67,0.463,-0.093,0.81,8.0
1.0,STRUCTURE,W1,0.25,12,74,0.514,-0.04,0.91,6.7,66,0.47,-0.079,0.84,8.0
1.0,STRUCTURE,W1,2.0,5,70,0.514,-0.019,0.96,4.7,62,0.452,-0.115,0.77,8.9
1.0,STRUCTURE,W1,2.0,8,70,0.514,-0.019,0.96,4.7,62,0.452,-0.115,0.77,8.9
1.0,STRUCTURE,W1,2.0,12,65,0.508,-0.041,0.91,5.3,61,0.459,-0.1,0.8,8.9
1.0,STRUCTURE,W1,5.0,5,61,0.508,-0.035,0.92,4.7,49,0.49,-0.041,0.91,5.1
1.0,STRUCTURE,W1,5.0,8,61,0.508,-0.035,0.92,4.7,49,0.49,-0.041,0.91,5.1
1.0,STRUCTURE,W1,5.0,12,57,0.491,-0.079,0.83,4.7,49,0.49,-0.041,0.91,5.1
1.0,STRUCTURE,W2,0.25,5,187,0.476,-0.031,0.92,19.4,152,0.428,-0.087,0.81,20.9
1.0,STRUCTURE,W2,0.25,8,185,0.481,-0.019,0.95,18.3,152,0.428,-0.087,0.81,20.9
1.0,STRUCTURE,W2,0.25,12,184,0.484,-0.03,0.92,20.1,152,0.428,-0.087,0.81,20.9
1.0,STRUCTURE,W2,2.0,5,182,0.473,-0.028,0.93,21.1,147,0.442,-0.055,0.87,16.5
1.0,STRUCTURE,W2,2.0,8,180,0.478,-0.017,0.96,20.1,147,0.442,-0.055,0.87,16.5
1.0,STRUCTURE,W2,2.0,12,179,0.469,-0.048,0.88,22.1,147,0.442,-0.055,0.87,16.5
1.0,STRUCTURE,W2,5.0,5,171,0.462,-0.063,0.84,23.3,132,0.455,-0.035,0.92,15.1
1.0,STRUCTURE,W2,5.0,8,169,0.467,-0.051,0.87,22.2,132,0.455,-0.035,0.92,15.1
1.0,STRUCTURE,W2,5.0,12,169,0.462,-0.071,0.82,24.2,132,0.455,-0.035,0.92,15.1
