paramètre,valeur,IS_trades,IS_winrate,IS_R_moyen,IS_PF,IS_DD_R,OOS_trades,OOS_winrate,OOS_R_moyen,OOS_PF,OOS_DD_R
(référence),,65,0.508,-0.001,1.0,8.6,54,0.611,0.247,1.94,4.2
ltf_map,"{""15"": 2, ""60"": 3}",26,0.5,0.078,1.22,3.9,11,0.545,0.13,1.44,2.2
session_et,"[""00:00"", ""24:00""]",143,0.476,-0.043,0.9,13.5,128,0.516,-0.027,0.93,10.0
session_et,"[""09:30"", ""11:30""]",17,0.529,-0.053,0.87,3.3,14,0.786,0.61,8.62,1.0
session_et,"[""09:30"", ""16:00""]",55,0.473,-0.083,0.8,8.5,46,0.609,0.269,2.2,3.4
max_trades_par_jour,2,75,0.507,0.01,1.03,10.3,64,0.594,0.168,1.56,3.2
max_trades_par_jour,3,79,0.494,-0.015,0.96,11.3,66,0.576,0.158,1.53,3.4
max_trades_par_jour,99,79,0.494,-0.015,0.96,11.3,66,0.576,0.158,1.53,3.4
gap_min_points,2,59,0.508,-0.014,0.96,8.6,48,0.625,0.264,2.08,3.2
gap_min_points,5,49,0.531,0.03,1.09,5.4,46,0.63,0.28,2.2,3.2
c3_regle,"""sweep_c2""",40,0.5,0.017,1.05,5.2,36,0.667,0.32,2.72,1.5
c3_regle,"""sweep_c2+wick""",27,0.481,-0.079,0.79,5.1,25,0.56,0.186,1.71,2.3
c3_wick_min,0.5,65,0.508,-0.001,1.0,8.6,54,0.611,0.247,1.94,4.2
c2_displacement_atr_k,0.75,44,0.591,0.066,1.19,4.9,39,0.59,0.243,1.99,3.2
c2_displacement_atr_k,1.0,35,0.6,0.107,1.36,3.9,30,0.633,0.344,2.9,1.2
c2_displacement_atr_k,1.5,19,0.526,0.171,1.6,3.2,13,0.615,0.354,2.89,1.1
c2_body_ratio_min,0.5,50,0.58,0.112,1.34,4.5,46,0.609,0.249,2.03,2.2
c2_body_ratio_min,0.7,31,0.645,0.157,1.54,3.6,27,0.593,0.203,1.76,2.0
consommer_si_gap_touche,false,71,0.507,0.016,1.04,10.8,60,0.6,0.232,1.84,2.0
w1_actif,false,64,0.516,0.02,1.06,7.2,52,0.635,0.296,2.27,2.1
w1_minutes_avant_cloture,"{""15"": 2}",65,0.508,-0.001,1.0,8.6,53,0.623,0.272,2.09,3.1
w1_minutes_avant_cloture,"{""15"": 6}",65,0.508,-0.012,0.97,9.4,56,0.607,0.238,1.88,4.2
w1_minutes_avant_cloture,"{""60"": 5}",65,0.508,-0.001,1.0,8.6,54,0.611,0.247,1.94,4.2
w1_distance_c2_frac,0,76,0.539,0.063,1.18,7.1,63,0.667,0.336,2.41,4.2
w1_distance_c2_frac,0.15,68,0.515,0.002,1.01,8.4,57,0.614,0.246,1.92,4.2
w1_distance_c2_frac,0.5,64,0.516,0.016,1.04,7.6,52,0.635,0.296,2.27,2.1
w2_actif,false,3,0.333,-0.358,0.48,2.1,4,0.5,-0.017,0.97,2.1
w2_flip_requis,true,22,0.545,0.053,1.12,4.4,17,0.588,0.192,1.59,2.6
sortie_forcee,"""cloture_C4""",65,0.431,-0.021,0.91,6.0,54,0.463,0.05,1.21,4.3
sortie_forcee,"""jamais""",65,0.508,0.002,1.0,8.6,54,0.648,0.287,1.8,4.1
modeles,"[""IFVG""]",60,0.483,-0.044,0.89,10.5,52,0.596,0.218,1.8,4.2
modeles,"[""CISD""]",7,0.714,0.368,3.14,1.0,3,1.0,0.682,,0.0
modeles,"[""IFVG"", ""CISD"", ""OB""]",65,0.523,0.016,1.04,8.6,55,0.6,0.224,1.81,4.2
modeles,"[""CISD_OPEN""]",62,0.694,0.394,3.1,2.7,34,0.471,-0.014,0.97,5.8
fractal_n,1,75,0.56,0.096,1.3,6.3,61,0.59,0.203,1.68,4.2
fractal_n,3,61,0.508,0.005,1.01,8.4,52,0.596,0.218,1.8,4.2
fenetre_structure_debut,"""ouverture_C2""",61,0.492,0.009,1.03,7.5,50,0.62,0.254,2.05,2.1
ifvg_min_points,1,57,0.579,0.113,1.37,2.9,49,0.571,0.188,1.65,3.2
ifvg_min_points,2,50,0.6,0.177,1.69,2.1,40,0.55,0.156,1.52,3.5
type_ordre,"""limite_zone""",85,0.553,0.044,1.12,5.1,79,0.633,0.218,1.72,4.1
tp_profondeur,0.25,83,0.53,0.016,1.04,5.7,75,0.6,0.192,1.67,4.4
tp_profondeur,0.5,110,0.5,-0.048,0.88,15.3,87,0.586,0.113,1.35,7.8
tp_profondeur,1.0,146,0.5,-0.033,0.91,9.3,111,0.55,0.046,1.14,6.0
stop_mode,"""STRUCTURE""",181,0.475,-0.044,0.9,17.2,147,0.429,-0.12,0.75,20.0
stop_mode,"""C3_EXTREME""",186,0.484,-0.045,0.9,25.9,150,0.453,-0.097,0.81,15.6
stop_buffer_ticks,0,68,0.515,0.013,1.03,8.6,54,0.611,0.247,1.94,4.2
stop_buffer_ticks,4,64,0.5,-0.016,0.96,9.6,54,0.611,0.247,1.94,4.2
distance_tp_min_points,"{""15"": 5}",65,0.508,-0.001,1.0,8.6,54,0.611,0.247,1.94,4.2
distance_tp_min_points,"{""15"": 12}",63,0.492,-0.037,0.9,10.9,52,0.615,0.258,2.02,3.1
distance_tp_min_points,"{""15"": 20}",54,0.537,0.052,1.16,3.6,48,0.646,0.311,2.41,2.1
be_a_R,0.5,65,0.354,-0.053,0.83,9.9,54,0.426,0.146,1.67,3.2
be_a_R,0.7,65,0.431,-0.025,0.93,8.9,54,0.556,0.252,2.17,2.6
grand_range_points_1h,100,65,0.508,-0.001,1.0,8.6,54,0.611,0.247,1.94,4.2
grand_range_points_1h,200,65,0.508,-0.001,1.0,8.6,54,0.611,0.247,1.94,4.2
grand_range_points_1h,null,65,0.508,-0.001,1.0,8.6,54,0.611,0.247,1.94,4.2
slippage_ticks_marche_et_stop,0,68,0.515,0.022,1.06,8.2,54,0.611,0.253,1.98,4.1
slippage_ticks_marche_et_stop,2,64,0.5,-0.024,0.94,10.0,54,0.611,0.241,1.9,4.2
limite_trade_through_ticks,0,65,0.508,-0.001,1.0,8.6,54,0.611,0.247,1.94,4.2
