t_signal,t_entree,t_sortie,dir,entree,sl,tp,risque_pts,sortie,raison,pnl_pts,R,usd,fenetre,modele,type,gap_pts,rng2,body2_atr,sweep_c2,duree_min
2025-01-07 12:35:00,2025-01-07 12:35:00,2025-01-07 14:00:00,1,23188.5,23069.25,23307.75,119.25,23174.25,temps,-14.475,-0.12138364779874214,-289.5,W2,IFVG,marche,122.0,310.75,2.0994791474638044,False,85
2025-04-29 08:30:00,2025-04-29 08:30:00,2025-04-29 08:45:00,1,21016.5,20974.25,21058.75,42.25,21058.75,TP,42.025,0.9946745562130177,840.5,W2,IFVG,marche,14.25,133.5,0.9369451563961264,False,15
2025-05-28 08:50:00,2025-05-28 08:50:00,2025-05-28 09:40:00,-1,23040.5,23067.5,23013.5,27.0,23067.75,SL,-27.475,-1.0175925925925926,-549.5,W2,IFVG,marche,55.0,94.75,2.055385299373926,True,50
2025-06-03 09:15:00,2025-06-03 09:15:00,2025-06-03 09:35:00,-1,23062.75,23095.25,23030.25,32.5,23095.5,SL,-32.975,-1.0146153846153847,-659.5,W2,IFVG,marche,8.75,51.75,0.5791871704841568,True,20
2025-08-06 13:50:00,2025-08-06 13:50:00,2025-08-06 14:10:00,-1,24675.0,24703.75,24646.25,28.75,24704.0,SL,-29.225,-1.0165217391304349,-584.5,W2,IFVG,marche,58.75,117.5,1.2752815960892898,True,20
2025-09-15 11:10:00,2025-09-15 11:10:00,2025-09-15 11:45:00,-1,25550.25,25572.25,25528.25,22.0,25572.5,SL,-22.475,-1.0215909090909092,-449.5,W2,IFVG,marche,53.5,100.0,2.426487667858526,True,35
2025-09-19 14:00:00,2025-09-19 14:00:00,2025-09-19 15:05:00,-1,25879.0,25899.75,25858.25,20.75,25900.0,SL,-21.225,-1.0228915662650604,-424.5,W2,IFVG,marche,17.0,65.25,1.03683928761379,False,65
2025-09-26 14:55:00,2025-09-26 14:55:00,2025-09-26 16:00:00,-1,25775.75,25823.75,25727.75,48.0,25788.5,temps,-12.975,-0.2703125,-259.5,W2,IFVG,marche,28.5,131.75,1.3502471527583444,True,65
2025-10-14 14:00:00,2025-10-14 14:00:00,2025-10-14 15:40:00,-1,25962.75,26004.75,25920.75,42.0,25920.75,TP,41.775,0.9946428571428572,835.5,W2,IFVG,marche,18.75,185.5,0.6969523219106148,False,100
2025-10-15 13:35:00,2025-10-15 13:35:00,2025-10-15 15:00:00,1,25845.75,25636.5,26055.0,209.25,26015.5,temps,169.525,0.8101553166069295,3390.5,W2,IFVG,marche,20.75,232.5,1.8264526950284223,False,85
2026-01-12 13:35:00,2026-01-12 13:35:00,2026-01-12 15:00:00,-1,26799.25,26844.75,26753.75,45.5,26830.5,temps,-31.475,-0.6917582417582417,-629.5,W2,IFVG,marche,4.75,68.5,0.6708333523276674,True,85
2026-01-29 14:00:00,2026-01-29 14:00:00,2026-01-29 15:40:00,-1,26651.5,26729.25,26573.75,77.75,26729.5,SL,-78.225,-1.0061093247588424,-1564.5,W2,IFVG,marche,18.5,170.0,0.4406021862477889,True,100
2026-02-05 09:30:00,2026-02-05 09:30:00,2026-02-05 09:35:00,1,25586.0,25487.25,25684.75,98.75,25487.0,SL,-99.225,-1.0048101265822784,-1984.5,W2,IFVG,marche,121.75,349.0,1.8200519749589479,False,5
2026-02-11 12:10:00,2026-02-11 12:10:00,2026-02-11 12:30:00,1,26022.75,25955.0,26090.5,67.75,26090.5,TP,67.525,0.9966789667896679,1350.5,W2,IFVG,marche,15.0,285.0,0.6660260546438411,False,20
2026-02-26 12:35:00,2026-02-26 12:35:00,2026-02-26 13:10:00,1,25808.25,25715.5,25901.0,92.75,25715.25,SL,-93.225,-1.005121293800539,-1864.5,W2,IFVG,marche,95.75,349.0,2.33541266957605,False,35
2026-03-04 12:30:00,2026-03-04 12:30:00,2026-03-04 14:00:00,-1,25948.5,26030.5,25866.5,82.0,26008.5,temps,-60.225,-0.7344512195121952,-1204.5,W2,IFVG,marche,80.75,257.0,1.5539785958595687,True,90
2026-04-23 15:15:00,2026-04-23 15:15:00,2026-04-23 16:05:00,1,27501.75,27423.25,27580.25,78.5,27580.25,TP,78.275,0.9971337579617835,1565.5,W2,IFVG,marche,56.5,417.25,1.9083131013104677,False,50
2026-06-15 11:35:00,2026-06-15 11:35:00,2026-06-15 13:00:00,-1,31108.5,31248.5,30968.5,140.0,31165.75,temps,-57.475,-0.4105357142857143,-1149.5,W2,IFVG,marche,56.0,236.5,1.0084115160622225,False,85
2026-06-29 15:00:00,2026-06-29 15:00:00,2026-06-29 15:55:00,-1,30328.5,30374.5,30282.5,46.0,30282.5,TP,45.775,0.9951086956521739,915.5,W2,IFVG,marche,54.0,122.5,0.5251182221168397,True,55
2026-07-10 14:20:00,2026-07-10 14:20:00,2026-07-10 15:05:00,-1,30332.0,30371.5,30292.5,39.5,30371.75,SL,-39.975,-1.0120253164556963,-799.5,W2,IFVG,marche,5.0,99.5,0.6958268267707075,True,45
2026-07-15 12:55:00,2026-07-15 12:55:00,2026-07-15 13:50:00,1,29792.0,29626.25,29957.75,165.75,29957.75,TP,165.525,0.9986425339366516,3310.5,W2,CISD,marche,92.75,355.75,1.5597402981044388,True,55
2026-07-22 11:35:00,2026-07-22 11:35:00,2026-07-22 13:00:00,-1,29586.75,29704.75,29468.75,118.0,29606.75,temps,-20.225,-0.17139830508474577,-404.5,W2,IFVG,marche,101.75,259.75,2.5822047594448354,True,85
2026-07-28 13:05:00,2026-07-28 13:05:00,2026-07-28 13:45:00,-1,28317.5,28385.5,28249.5,68.0,28249.5,TP,67.775,0.9966911764705884,1355.5,W2,IFVG,marche,63.5,294.5,1.5521179733421635,True,40
2026-07-31 15:00:00,2026-07-31 15:00:00,2026-07-31 15:20:00,-1,28729.25,28767.25,28691.25,38.0,28767.5,SL,-38.475,-1.0125,-769.5,W2,IFVG,marche,5.25,143.0,0.3821243064006349,False,20
2026-08-11 14:50:00,2026-08-11 14:50:00,2026-08-11 15:40:00,1,29882.0,29827.25,29936.75,54.75,29936.75,TP,54.525,0.9958904109589041,1090.5,W2,IFVG,marche,18.0,67.0,0.4447625597072351,True,50
2026-08-17 10:30:00,2026-08-17 10:30:00,2026-08-17 11:05:00,1,30494.25,30426.5,30562.0,67.75,30562.0,TP,67.525,0.9966789667896679,1350.5,W2,IFVG,marche,20.0,108.75,1.5094399863460026,True,35
2026-10-02 13:55:00,2026-10-02 13:55:00,2026-10-02 15:00:00,1,31057.25,30984.25,31130.25,73.0,31042.75,temps,-14.725,-0.20171232876712328,-294.5,W2,IFVG,marche,25.5,193.25,0.5643852061773678,False,65
